/*
SQLyog Ultimate v11.28 (64 bit)
MySQL - 5.5.58-0+deb7u1 : Database - c3fpvspots
*********************************************************************
*/

/*!40101 SET NAMES utf8 */;

/*!40101 SET SQL_MODE=''*/;

/*!40014 SET @OLD_UNIQUE_CHECKS=@@UNIQUE_CHECKS, UNIQUE_CHECKS=0 */;
/*!40014 SET @OLD_FOREIGN_KEY_CHECKS=@@FOREIGN_KEY_CHECKS, FOREIGN_KEY_CHECKS=0 */;
/*!40101 SET @OLD_SQL_MODE=@@SQL_MODE, SQL_MODE='NO_AUTO_VALUE_ON_ZERO' */;
/*!40111 SET @OLD_SQL_NOTES=@@SQL_NOTES, SQL_NOTES=0 */;
CREATE DATABASE /*!32312 IF NOT EXISTS*/`c3fpvspots` /*!40100 DEFAULT CHARACTER SET utf8 */;

USE `c3fpvspots`;

/*Table structure for table `buddies` */

DROP TABLE IF EXISTS `buddies`;

CREATE TABLE `buddies` (
  `id` int(50) unsigned NOT NULL AUTO_INCREMENT,
  `user_id` int(50) unsigned NOT NULL,
  `buddy_user_id` int(50) unsigned NOT NULL,
  `created_on` datetime NOT NULL,
  PRIMARY KEY (`id`)
) ENGINE=MyISAM DEFAULT CHARSET=utf8 COLLATE=utf8_czech_ci;

/*Data for the table `buddies` */

/*Table structure for table `drones` */

DROP TABLE IF EXISTS `drones`;

CREATE TABLE `drones` (
  `id` int(50) unsigned NOT NULL AUTO_INCREMENT,
  `user_id` int(50) unsigned NOT NULL,
  `name` varchar(255) COLLATE utf8_czech_ci NOT NULL,
  `type` int(10) NOT NULL,
  `description` text COLLATE utf8_czech_ci,
  `created_on` datetime NOT NULL,
  `changed_on` datetime NOT NULL,
  PRIMARY KEY (`id`),
  KEY `user_id` (`user_id`),
  CONSTRAINT `drones_ibfk_1` FOREIGN KEY (`user_id`) REFERENCES `users` (`id`) ON DELETE CASCADE ON UPDATE CASCADE
) ENGINE=InnoDB AUTO_INCREMENT=35 DEFAULT CHARSET=utf8 COLLATE=utf8_czech_ci;

/*Data for the table `drones` */

insert  into `drones`(`id`,`user_id`,`name`,`type`,`description`,`created_on`,`changed_on`) values (1,1,'Nighthawk250',1,'Rám - Nighthawk\nESC: Littlebee 20A Opto Pro\nMotory: EMAX 2204 / 2300\nFC: SP Racing F3\nVTX: SkyZone 600mW','2017-06-11 01:16:43','2017-11-03 11:07:13'),(2,1,'Eachine QX80',3,'Eachine QX80, SPF3 Racing Brushed, 1S 700mAh','2017-09-14 02:07:24','2017-11-30 09:38:09'),(7,1,'Realacc x210',1,'Rám: realacc x210,\nMotory: Racerstar Racing Edition 2306 BR2306S 2400KV,\nVTX: SkyZone,\nCAM: Foxeer,\nBattery: 4S','2017-11-02 21:39:37','2017-11-10 08:10:30'),(8,4,'X210',1,'Frame: Rotorama Morfeus\nESC: DYS XS30A\nMotors: DYS SE2205 PRO 2300kv\nFC: SPracingF4 NEO\nVTX: TBS Unify Pro HV Race\nCamera: Runcam Swift','2017-11-03 17:16:01','2017-11-03 17:23:19'),(9,4,'Aurora68',3,'Aurora68 stock\nRuncam Sparrow Micro','2017-11-03 17:17:55','2017-11-03 17:27:17'),(10,4,'ZMR 180 (Máňa)',1,'Frame: ZMR180\nESC: Racerstar RS20A V2\nMotors: Racerstar 2205 2300kv\nFC: BetaflightF3\nVTX: TBS Unify Pro HV Race\nCamera: Foxeer Arrow HS1190 CCD','2017-11-03 17:23:49','2017-11-03 17:27:04'),(11,4,'Tricopter',1,'Frame: printed\nESC: Racerstar RS20A V2\nMotors: Readytosky 2204 2300kv\nFC: SPracingF3\nVTX: Eachine TX526\nCamera: Eachine 1000TVL CCD','2017-11-03 17:31:19','2017-11-03 17:31:19'),(12,19,'Dal X220',1,'Závodní 5” dron pro venkovní tratě.\nTop polovina roku 2017\nFc SpRacingF3\nEsc DYSxsd30 V2 Dshot600\nMotor BH R4\nVrtule Cyclone 5x46\nBaterie AceHe 4s 1500mA 75C\nKamera Arrow\nVtx Unify Race + Triumph\nOledkované','2017-11-10 00:08:45','2017-11-10 00:11:35'),(13,20,'Mefisto',1,'RR Mefisto,\nOmnibus F4 pro v3,\nRacestar Tattoo 35Ax4,\nZMX FinX30 2600kv,\nRuncam Swift 2,\nTBS Unify Pro HV Race,\nFrsky XSR,\nGF 5152x3,\nVaha 306g','2017-11-13 13:34:37','2017-11-13 13:43:21'),(16,9,'X No name 160',1,'Rám X 160  DYS 1806 2550kV , LTB 20A ,  Omnibus F3  , RunCam micro 2.3mm ,  AceHe 3S 850mAh ,  DYS Mi200 25/200mW ,','2017-11-13 23:51:30','2017-11-14 07:55:17'),(17,9,'SPC 90',1,'SPC 90  Materiál: 3k plné uhlíkových vláken\nHmotnost: 58g (bez baterie)\nVzletová hmotnost: 105g (s baterií)\nStřídavý motor: SPC Maker S1104 7500KV motor\nLetový ovladač: Omnibus F4 NANO\nESC: 28A Mini 4in1 BLheli_s ESC 2-4S L\nVrtule: 50mm 3- nožová vrtule 2035\nFotoaparát: RunCam Micro Swift 1/3 \"600TVL FPV kamera 2.3mm objektiv CCD kamera\nVTX: 5.8g 25MW-200MW 48CH Video vysílač\nLetová doba: cca 4mins\nZadní LED Ready (LED_Strip funkce)\nBuzzer\nBaterie: 2S 550mAh','2017-11-14 11:42:40','2017-11-14 11:52:13'),(18,9,'Mixuko 200',1,'Tréninkový stroj na každodenní lítání . 2205 2550kV,   LTB 20A, SPR F3, 4S AceHe , Foxeer 1177, Aomway 200mW','2017-11-14 11:43:21','2017-11-14 11:56:29'),(19,9,'Misfit 2',1,'6\'\' stroj. 2205 2550Kv,  30A LTB , Omnibus F3 ,  4S Acehe , RunCam Micro 2.3mm objektiv. DYS 25/200mW ,  DALPROP Cyclone T5046C','2017-11-14 11:44:05','2017-11-14 12:00:03'),(20,9,'Misfit 1',1,'5\"  stroj , motory RCTimer  2205 2550Kv,  30A LTB , Omnibus F3 ,  4S Acehe , RunCam Micro 2.1mm objektiv. DYS 25/200mW ,  DALPROP Cyclone T5046C','2017-11-14 11:44:44','2017-11-14 12:01:40'),(21,9,'Diatone 160 Grasshopper',1,'Halový stroj . BrotherHobby Tornado 1407 3600 KV, KISS 18A, Omnibus F3, Eachine 700TVL CMOS 2.6mm , Eachine VTX03 25/50/200mW , Kingkong 4045','2017-11-14 11:45:33','2017-11-14 12:05:33'),(22,22,'Flyduspider',2,'typ rámu: hexa spider\nmotory: KDA A20M/26 - 1130kv\nESC: MAYTECH MTA 20A ESC - BEC 2A/5V\nFC: Naza Mlite\nkamera: SJCAM SJ5000X','2017-11-27 13:04:10','2017-11-27 13:04:10'),(23,22,'Chameleon',1,'AUW: 572g / 585g\nSIGN: Darkastro\nFRAME: PUDA Chameleon 5\"\nFC: Flycolor F3 Flight Controller\nESC: Flycolor Raptor S 4 In 1 BLHeli-S 30A\nMOTORs: Emax RS2306 White Edition  2750KV\nPROP: DALPROP T5045C Cyclone 5 Inch 3 Blade\nRX: FrSky XSR 2.4GHz 16CH ACCST Receiver S-Bus\nCAM: FOXEER ARROW V3 CCD 2.5MM\nVTX: TBS UNIFY PRO HV 25-800MW 40CH\nANTENNA: TBS TRIUMPH 5.8G ANTÉNA RHCP\nLIPO: ZOP Power 14.8V 1800mAh 65C 4S\nRADIO: Taranis\nLR MODULE:\nGOGGLES: Eachine EV100 720*540 5.8G 72CH FPV\nVRX:\nVRX ANTENNAE:','2017-11-27 13:16:16','2017-11-27 13:16:16'),(24,23,'Barbie',1,'Frame: Realacc y200 + 3d printed parts,\nMotors: Tmotor air 40,\nEsc:Racestar 20A,\nCam: Foxeer arrow micro,\nVtx: tbs unify race,\nAntena pagoda,\nFc: f3,\nWeight: 280g,\nAuw :460g,','2017-11-30 10:01:17','2017-11-30 16:05:00'),(25,23,'Hroch 215',1,'Frame: Hippo 215 + 3D printed parts,\nMotors:Brotherhobby R2 2600kv,\nEsc:Rs 30A,\nvtx: TBS unify pro race,\ncam:foxeer monster v2,\nantena pagoda,\nfc: dys f4,\nweight:360g,\nAUW: 540g','2017-11-30 16:07:13','2017-11-30 16:07:16'),(26,24,'Mini210',1,'Klasický levný autobus:\nRám: Mini210 klon\nFC: SPRacingF3 klon\nESC: DYS XSD30A\nMotory: RacerStar BR2205S\nRX: FrSky X4R-SB\nKamera: Foxeer Arrow v2\nNáhodný 25/600 mW vTX','2017-12-05 17:09:17','2017-12-08 19:47:56'),(27,25,'LIZARD 95 Lite',1,'10A ESC, 1103 King Kongy 7800KV, 200mw TX02 , 2S 350-550mah, Freestyle : https://www.youtube.com/watch?v=j270oi_KoMM','2017-12-05 17:28:03','2017-12-05 17:53:00'),(28,22,'Rooster',1,'','2017-12-23 17:25:15','2017-12-23 17:25:20'),(29,22,'Tiny Whoop',3,'','2017-12-23 17:25:57','2017-12-23 17:26:28'),(30,22,'Battler',1,'','2017-12-23 17:26:17','2017-12-23 17:26:17'),(31,27,'Armattan Chameleon + ZMX X30',1,'Rám: Armattan Chameleon\nMotory: ZMX Fin X30 DD07-2.6K \"IJN Akatsuki\"\nFC: Omnibus F3\nPDB: Matek XPW\nVTX: TBS Unify Race\nFPV anténa: TBS Triumph\nFPV kamera: Runcam Swift2 + čočka\nESC: 30A Racerstar Lite\nBaterka: Acahe 4S 1500mAh\nRX: Frsky XM+','2018-01-11 23:01:18','2018-01-11 23:08:44'),(32,27,'iFlight IX5 + BH R4',1,'','2018-01-11 23:03:49','2018-01-11 23:03:59'),(33,27,'Needle V1 + BH Tornado',1,'','2018-01-11 23:04:20','2018-01-11 23:08:58'),(34,27,'X210 + RCX V3',1,'','2018-01-11 23:09:21','2018-01-11 23:09:21');

/*Table structure for table `drones_photos` */

DROP TABLE IF EXISTS `drones_photos`;

CREATE TABLE `drones_photos` (
  `drone_entity_id` int(50) NOT NULL,
  `photo_entity_id` int(50) NOT NULL,
  PRIMARY KEY (`drone_entity_id`,`photo_entity_id`)
) ENGINE=InnoDB DEFAULT CHARSET=utf8 COLLATE=utf8_czech_ci;

/*Data for the table `drones_photos` */

insert  into `drones_photos`(`drone_entity_id`,`photo_entity_id`) values (1,33),(1,34),(1,35),(2,36),(2,56),(2,57),(7,32),(7,47),(8,38),(9,37),(10,39),(11,40),(12,46),(13,48),(16,50),(17,51),(18,52),(19,53),(20,54),(21,55),(24,61),(25,62),(26,72),(26,73),(27,65),(27,67),(27,68),(27,69),(27,70),(31,75),(32,76),(33,77),(34,78);

/*Table structure for table `drones_ratings` */

DROP TABLE IF EXISTS `drones_ratings`;

CREATE TABLE `drones_ratings` (
  `id` int(50) unsigned NOT NULL AUTO_INCREMENT,
  `drone_id` int(50) unsigned NOT NULL,
  `ip_address` varchar(255) COLLATE utf8_czech_ci NOT NULL,
  `rate` enum('1','2','3','4','5') COLLATE utf8_czech_ci NOT NULL,
  PRIMARY KEY (`id`)
) ENGINE=MyISAM AUTO_INCREMENT=171 DEFAULT CHARSET=utf8 COLLATE=utf8_czech_ci;

/*Data for the table `drones_ratings` */

insert  into `drones_ratings`(`id`,`drone_id`,`ip_address`,`rate`) values (1,1,'95.173.192.194','4'),(2,1,'176.102.145.2','3'),(3,7,'88.103.231.145','5'),(4,11,'46.135.92.144','1'),(5,10,'46.135.92.144','5'),(6,9,'46.135.92.144','3'),(7,8,'46.135.92.144','5'),(8,7,'46.135.92.144','4'),(9,1,'46.135.92.144','4'),(10,12,'109.81.208.61','5'),(11,12,'88.103.231.145','5'),(12,12,'176.102.145.2','5'),(13,1,'194.228.76.132','2'),(14,12,'194.228.76.132','5'),(15,11,'194.228.76.132','5'),(16,13,'95.173.192.194','4'),(17,13,'80.188.215.179','5'),(18,11,'80.188.215.179','5'),(19,17,'95.173.192.194','5'),(20,16,'95.173.192.194','4'),(21,10,'95.173.192.194','4'),(23,13,'64.74.215.134','4'),(24,8,'64.74.215.134','2'),(25,12,'185.108.123.47','5'),(26,22,'66.249.66.73','1'),(27,19,'66.249.66.67','4'),(28,2,'66.249.66.67','4'),(29,9,'66.249.66.69','4'),(30,10,'66.249.66.73','5'),(31,7,'66.249.66.67','4'),(32,20,'66.249.66.69','4'),(33,10,'66.249.66.69','3'),(34,12,'66.249.66.73','4'),(35,20,'66.249.66.71','3'),(36,18,'66.249.66.69','4'),(37,22,'66.249.66.67','3'),(38,10,'66.249.66.67','2'),(39,16,'66.249.66.67','3'),(40,12,'66.249.66.67','5'),(41,11,'66.249.66.67','4'),(42,23,'66.249.66.67','2'),(43,20,'66.249.66.67','2'),(44,17,'66.249.66.67','2'),(45,18,'66.249.66.67','1'),(46,1,'66.249.66.67','5'),(47,9,'66.249.66.67','2'),(48,8,'66.249.66.67','3'),(49,13,'66.249.66.67','2'),(50,21,'66.249.66.67','3'),(51,21,'66.249.66.69','5'),(52,11,'66.249.66.75','1'),(53,7,'66.249.66.75','5'),(54,2,'31.47.103.54','5'),(55,17,'37.48.0.2','5'),(56,7,'46.135.74.146','5'),(57,8,'66.249.93.76','5'),(58,8,'66.249.93.80','5'),(59,9,'66.249.93.80','5'),(60,10,'66.249.93.78','5'),(61,11,'66.249.93.78','5'),(62,24,'89.177.130.240','5'),(63,25,'89.177.130.240','5'),(64,26,'89.103.122.97','5'),(65,24,'88.103.225.210','1'),(66,17,'88.103.225.210','5'),(67,9,'88.103.225.210','5'),(68,26,'88.103.225.210','1'),(69,2,'88.103.225.210','4'),(70,25,'88.103.225.210','4'),(71,12,'88.103.225.210','4'),(72,21,'88.103.225.210','4'),(73,18,'88.103.225.210','3'),(74,19,'88.103.225.210','4'),(75,27,'88.103.225.210','5'),(76,27,'77.236.219.64','1'),(77,27,'95.173.192.194','3'),(78,12,'77.236.219.64','5'),(79,25,'77.236.219.64','1'),(80,7,'194.228.20.216','5'),(81,12,'90.181.148.198','1'),(82,7,'66.249.73.77','5'),(83,7,'66.249.73.79','4'),(84,12,'66.249.73.77','5'),(85,10,'66.249.73.77','1'),(86,2,'66.249.73.77','4'),(87,17,'66.249.73.77','5'),(88,13,'88.103.231.145','5'),(89,7,'88.103.225.210','3'),(90,27,'185.24.234.117','5'),(91,27,'66.249.81.46','5'),(92,27,'66.249.93.78','5'),(93,27,'66.249.93.80','5'),(94,27,'66.249.82.135','5'),(95,27,'66.249.82.134','5'),(96,27,'66.249.93.76','5'),(97,27,'66.102.9.44','5'),(98,27,'66.102.9.46','5'),(99,27,'66.249.82.132','5'),(100,27,'66.249.81.44','5'),(101,7,'95.173.192.194','5'),(102,13,'88.103.225.210','5'),(103,23,'88.103.225.210','1'),(104,7,'66.249.75.19','5'),(105,20,'66.249.64.207','3'),(106,8,'66.249.64.207','4'),(107,24,'66.249.64.205','3'),(108,25,'66.249.64.205','5'),(109,8,'66.249.64.209','5'),(110,13,'66.249.64.207','3'),(111,9,'66.249.64.205','2'),(112,20,'66.249.64.205','4'),(113,20,'66.249.64.209','2'),(114,8,'66.249.64.205','2'),(115,19,'66.249.64.205','5'),(116,26,'66.249.64.209','3'),(117,19,'66.249.64.207','4'),(118,9,'66.249.64.209','5'),(119,24,'66.249.64.209','5'),(120,25,'66.249.64.207','3'),(121,24,'66.249.64.207','1'),(122,9,'66.249.64.207','4'),(123,13,'66.249.64.209','5'),(124,25,'66.249.64.209','4'),(125,26,'66.249.64.205','5'),(126,19,'66.249.64.209','1'),(127,26,'66.249.64.207','4'),(128,21,'66.249.64.205','4'),(129,27,'66.249.64.207','5'),(130,22,'66.249.64.205','1'),(131,18,'66.249.64.207','5'),(132,23,'66.249.64.205','2'),(133,22,'66.249.64.209','2'),(134,18,'66.249.64.205','4'),(135,23,'66.249.64.209','3'),(136,16,'66.249.64.209','3'),(137,27,'66.249.64.205','1'),(138,1,'66.249.64.205','4'),(139,16,'66.249.64.207','1'),(140,22,'66.249.64.207','5'),(141,21,'66.249.64.209','2'),(142,18,'66.249.64.209','1'),(143,16,'66.249.64.205','5'),(144,21,'66.249.64.207','3'),(145,1,'66.249.64.209','2'),(146,1,'66.249.64.207','3'),(147,23,'66.249.64.207','4'),(148,11,'66.249.64.209','1'),(149,11,'66.249.64.207','5'),(150,11,'66.249.64.205','2'),(151,1,'66.249.66.74','4'),(152,13,'66.249.66.74','3'),(153,7,'185.156.38.80','5'),(154,22,'66.249.66.75','2'),(155,1,'66.249.66.207','2'),(156,19,'66.249.66.71','2'),(157,29,'66.249.66.76','4'),(158,28,'66.249.66.76','2'),(159,30,'66.249.66.75','4'),(160,30,'66.249.66.76','1'),(161,30,'66.249.66.74','3'),(162,29,'66.249.66.75','5'),(163,28,'66.249.66.75','1'),(164,29,'66.249.66.74','3'),(165,32,'66.249.64.205','1'),(166,34,'66.249.64.207','5'),(167,31,'66.249.64.205','1'),(168,33,'66.249.64.205','1'),(169,34,'66.249.64.205','4'),(170,31,'88.103.231.145','5');

/*Table structure for table `drones_types` */

DROP TABLE IF EXISTS `drones_types`;

CREATE TABLE `drones_types` (
  `id` int(50) unsigned NOT NULL AUTO_INCREMENT,
  `name` varchar(255) NOT NULL,
  `desc` varchar(255) NOT NULL,
  PRIMARY KEY (`id`)
) ENGINE=InnoDB AUTO_INCREMENT=4 DEFAULT CHARSET=utf8;

/*Data for the table `drones_types` */

insert  into `drones_types`(`id`,`name`,`desc`) values (1,'Race Quad','Závodní dron do velikosti 250mm.'),(2,'Filmovací dron','Filmovací dron pro letecké záběry.'),(3,'Tiny Whoop','Mikrokoptéra na lítání uvnitř objektu.');

/*Table structure for table `events` */

DROP TABLE IF EXISTS `events`;

CREATE TABLE `events` (
  `id` int(10) unsigned NOT NULL AUTO_INCREMENT,
  `user_id` int(10) unsigned NOT NULL,
  `event_type_id` int(10) unsigned NOT NULL,
  `event_date` datetime NOT NULL,
  `map_place` varchar(255) COLLATE utf8_czech_ci NOT NULL DEFAULT '''0;0;0''',
  `name` varchar(255) COLLATE utf8_czech_ci NOT NULL DEFAULT '',
  `description` text COLLATE utf8_czech_ci,
  `is_private` smallint(1) NOT NULL DEFAULT '0',
  `max_users` int(50) NOT NULL DEFAULT '0',
  `created_on` datetime NOT NULL,
  `changed_on` datetime NOT NULL,
  PRIMARY KEY (`id`),
  KEY `event_type_id` (`event_type_id`),
  CONSTRAINT `events_ibfk_1` FOREIGN KEY (`event_type_id`) REFERENCES `events_types` (`id`) ON DELETE CASCADE ON UPDATE CASCADE
) ENGINE=InnoDB AUTO_INCREMENT=3 DEFAULT CHARSET=utf8 COLLATE=utf8_czech_ci;

/*Data for the table `events` */

insert  into `events`(`id`,`user_id`,`event_type_id`,`event_date`,`map_place`,`name`,`description`,`is_private`,`max_users`,`created_on`,`changed_on`) values (1,1,1,'2018-05-01 00:00:00','49.82505495778423;16.976701319217682;18','Závod všech závodů (KONCEPT)','Zavod',0,50,'2017-10-05 19:58:19','2017-10-31 21:33:46'),(2,1,1,'2017-10-08 00:00:00','49.82505495778423;16.976701319217682;18','Polítáníčko v Dubicku','<span style=\"font-weight: bold;\">Start</span>: 14:00 Dubického času :D',0,0,'2017-10-05 21:16:13','2017-10-05 21:16:13');

/*Table structure for table `events_photos` */

DROP TABLE IF EXISTS `events_photos`;

CREATE TABLE `events_photos` (
  `event_entity_id` int(50) NOT NULL,
  `photo_entity_id` int(50) NOT NULL,
  PRIMARY KEY (`event_entity_id`,`photo_entity_id`)
) ENGINE=InnoDB DEFAULT CHARSET=utf8 COLLATE=utf8_czech_ci;

/*Data for the table `events_photos` */

insert  into `events_photos`(`event_entity_id`,`photo_entity_id`) values (1,28);

/*Table structure for table `events_types` */

DROP TABLE IF EXISTS `events_types`;

CREATE TABLE `events_types` (
  `id` int(50) unsigned NOT NULL AUTO_INCREMENT,
  `name` varchar(255) COLLATE utf8_czech_ci NOT NULL,
  PRIMARY KEY (`id`)
) ENGINE=InnoDB AUTO_INCREMENT=4 DEFAULT CHARSET=utf8 COLLATE=utf8_czech_ci;

/*Data for the table `events_types` */

insert  into `events_types`(`id`,`name`) values (1,'Přátelský závod'),(2,'Oficiální závod'),(3,'4 Fun');

/*Table structure for table `events_users` */

DROP TABLE IF EXISTS `events_users`;

CREATE TABLE `events_users` (
  `event_entity_id` int(50) NOT NULL,
  `user_entity_id` int(50) NOT NULL,
  PRIMARY KEY (`event_entity_id`,`user_entity_id`)
) ENGINE=InnoDB DEFAULT CHARSET=utf8 COLLATE=utf8_czech_ci;

/*Data for the table `events_users` */

/*Table structure for table `photos` */

DROP TABLE IF EXISTS `photos`;

CREATE TABLE `photos` (
  `id` int(50) unsigned NOT NULL AUTO_INCREMENT,
  `filename` varchar(255) COLLATE utf8_czech_ci NOT NULL,
  `filesize` int(50) NOT NULL,
  `mimetype` varchar(255) COLLATE utf8_czech_ci NOT NULL,
  `filehash` varchar(255) COLLATE utf8_czech_ci NOT NULL,
  PRIMARY KEY (`id`)
) ENGINE=MyISAM AUTO_INCREMENT=79 DEFAULT CHARSET=utf8 COLLATE=utf8_czech_ci;

/*Data for the table `photos` */

insert  into `photos`(`id`,`filename`,`filesize`,`mimetype`,`filehash`) values (36,'14963263-10202579514446794-1542463312183058179-n.jpg',79376,'image/jpeg','52fa1434d328ce4b688b4f3df0de54cc'),(28,'00-top.jpg',100081,'image/jpeg','97d86f416b6216de63566cd5351c0421'),(34,'18700305-10203438787648087-1349215893966274390-n.jpg',47471,'image/jpeg','30eb8994ba1dd295f79a4634bd36e2da'),(29,'12898172-1093103114044298-1964010894505898920-o.jpg',351828,'image/jpeg','20db977d56290a84c3045ee9e57b855b'),(16,'784-2048-2048.jpg',218136,'image/jpeg','4ec5888d44ae2e29cb2b26b80bbd648c'),(18,'stezky-zmeneno2.jpg',687656,'image/jpeg','fd3c3d32aebad0040ad65828901f316f'),(19,'stezky-zmeneno2.jpg',687656,'image/jpeg','fd3c3d32aebad0040ad65828901f316f'),(20,'januv-hrad.jpg',1029780,'image/jpeg','0ae560ccdfcfc8d4f6d2045993898b8e'),(21,'93-lednicko-valticky.jpg',556173,'image/jpeg','651f787d4fe2bf590c63df88e6011e77'),(22,'IMG-9815.jpg',215219,'image/jpeg','23f1c80ae223367a689f9674fe6411a9'),(23,'9365b289-0446-4df4-9dda-2ee589943b95.jpg',67903,'image/jpeg','a4cdfd1f4eefefe16d756e05f90d0501'),(30,'Zamosti.jpeg',94911,'image/jpeg','21a315601dabc8e30a38aa4051d8b679'),(31,'01-vetrny-mlyn-pricovy.jpg',319152,'image/jpeg','dc67274a3c41429743f36a8a7403fa06'),(32,'22008165-10203973317450998-6529696895918311072-n.jpg',90188,'image/jpeg','b0885910f9db0548acb4e0b41acd2fb5'),(33,'19366586-10203553370512587-7744761962786448902-n.jpg',83459,'image/jpeg','b8e20ba2332c377f45bdaf18fbf43136'),(35,'17103813-10203133192248393-3843249770681798050-n.jpg',107879,'image/jpeg','1647021e6a8c204649e93a50d963a3cf'),(37,'20171030-234339.jpg',1542837,'image/jpeg','fc8061f889cb9437d0a6ccd06bc92f00'),(38,'20171103-171440.jpg',381159,'image/jpeg','d53280547f9fec2862ea155d0515bee6'),(39,'20171103-172348.jpg',371532,'image/jpeg','08834655bef5e43e667f41969d07526e'),(40,'20171103-172418.jpg',386963,'image/jpeg','5dc04814a4e22fca8080024b445c3ac0'),(41,'IMG-1359.JPG',378453,'image/jpeg','3b5ad6008abaeb9ec1bad58151ba8be9'),(43,'monty.jpg',22763,'image/jpeg','efd75adbad8d4bad7fdba669a165e38e'),(44,'monty-bug.png',114074,'image/png','d7fc8b78d6682b5deb1a97524a1ea869'),(45,'1DEE446F-CD2D-4D73-9002-304AE8BE6DFC.jpeg',107761,'image/jpeg','059e710801ae5729086fd676dfc586bd'),(46,'FE30446E-97FD-4733-A852-596E9D10DF32.png',1493048,'image/png','3b9d35204c4d6ebe65ca67880c3d1171'),(47,'58B477F1-47FA-459A-A1AA-4A32F783BF7F.jpeg',1129245,'image/jpeg','5be26223aee94eddb0b3b32624689157'),(48,'8B587CC1-1751-4312-A2D0-CE7EB98D824F.jpeg',1672607,'image/jpeg','11d242ce0aa494f5c6b9c1ff3552ab6c'),(49,'Foto-na-race.jpg',466971,'image/jpeg','b82f40167d38906080da1a3a6bdd124c'),(50,'X-no-name-160.jpg',33637,'image/jpeg','47286b4303bbce4b2c1f4c79127142c6'),(51,'IMG-20171114-113815.jpg',1551594,'image/jpeg','e89beedf382c558db91d6df9e527cf19'),(52,'IMG-20171114-113706.jpg',1626636,'image/jpeg','d6d7ac51a37c1ba2d85481a6e7e3d3ca'),(53,'IMG-20171114-113616.jpg',1590890,'image/jpeg','0e04bd6fa1e803198e8a972ecf494633'),(54,'IMG-20171114-113530.jpg',1439316,'image/jpeg','4fe47331e9caf9e1348d4c53eae2f2bd'),(55,'IMG-20171114-113438.jpg',1772979,'image/jpeg','44de05989cef419bb491ede7b284a483'),(56,'D35AC409-8798-4189-8997-D1E1A7367E89.jpeg',1737814,'image/jpeg','ae246ddf70785dc13c3c7694cc5978f5'),(57,'E5007871-8CB8-4EE9-BC55-1FCA3735A04A.jpeg',1498032,'image/jpeg','d88327f1f31a8748ad6434e93e50a2a1'),(59,'pig.jpg',45911,'image/jpeg','e7db06798d52a70f81de85d71e8a80b5'),(60,'1280px-Sus-scrofa-avionica.png',1245123,'image/png','4c68e6bf409aab94159a3db79fed51be'),(61,'barbie.jpg',113379,'image/jpeg','fdb16a3d40dd194e83944990158f6410'),(62,'hroch.jpg',163571,'image/jpeg','484db5c764ab433c0f21e7f2006f8dc3'),(68,'IMG-20171010-162755-676.jpg',1017008,'image/jpeg','8633d1907dd46e75ff20cc65c8f3d10b'),(65,'IMG-20171105-174445-757-1-.jpg',1070957,'image/jpeg','ed215573ae05abf69edc9678dc739373'),(67,'IMG-20171027-222013-762.jpg',885517,'image/jpeg','07c4692190cb8ee134918e7bce5e0902'),(69,'IMG-20170817-142800-961.jpg',648690,'image/jpeg','748affaf2212a49f7a06a83c268302e0'),(70,'IMG-20170819-140754-294.jpg',669478,'image/jpeg','7deba02a63ee245d6bdfa32e26461fc5'),(71,'21457322-1935373553451717-5350212919030229007-o.jpg',333248,'image/jpeg','16fc231a2b9c490c3f8020dac10d0c21'),(72,'UV-dron-edit-50-.jpg',2096363,'image/jpeg','25649a38104e7fc75041c846e85c9f9c'),(73,'DSC-5302-50-.jpg',1321283,'image/jpeg','7403a5b0bd1ff4a6407053e37e2ef0b9'),(74,'ut1.png',964757,'image/png','166ef53421f48b970a89e2b914cb5565'),(75,'IMG-1246.jpg',541786,'image/jpeg','e4b291b509835d53951262828179b72e'),(76,'IMG-0773.jpg',368775,'image/jpeg','3dfc1e100aa9b98d7bcb66be112000ee'),(77,'IMG-0774.jpg',309199,'image/jpeg','e392adbbfc8d12a6f8bf539aa648cc4b'),(78,'IMG-0346.jpg',516114,'image/jpeg','ad992cb8735b65c449860811e5b7a876');

/*Table structure for table `places` */

DROP TABLE IF EXISTS `places`;

CREATE TABLE `places` (
  `id` int(50) unsigned NOT NULL AUTO_INCREMENT,
  `user_id` int(50) unsigned NOT NULL,
  `name` varchar(255) COLLATE utf8_czech_ci NOT NULL,
  `description` text COLLATE utf8_czech_ci NOT NULL,
  `plus_desc` varchar(255) COLLATE utf8_czech_ci NOT NULL DEFAULT '',
  `minus_desc` varchar(255) COLLATE utf8_czech_ci NOT NULL DEFAULT '',
  `map_place` varchar(255) COLLATE utf8_czech_ci NOT NULL,
  `created_on` datetime NOT NULL,
  `changed_on` datetime NOT NULL,
  PRIMARY KEY (`id`),
  KEY `user_id` (`user_id`),
  CONSTRAINT `places_ibfk_1` FOREIGN KEY (`user_id`) REFERENCES `users` (`id`) ON DELETE CASCADE ON UPDATE CASCADE
) ENGINE=InnoDB AUTO_INCREMENT=352 DEFAULT CHARSET=utf8 COLLATE=utf8_czech_ci;

/*Data for the table `places` */

insert  into `places`(`id`,`user_id`,`name`,`description`,`plus_desc`,`minus_desc`,`map_place`,`created_on`,`changed_on`) values (5,1,'Postřelmov - Soutok','','','','49.908980464747216;16.92919135093689;16','2017-10-02 18:48:06','2017-10-02 18:48:06'),(9,5,'Lyžařský vlek Radvanice','Domovský spot.\nMožnost umístění vlajek, bran + přírodní trať\nČlenitý terén (kdo by to čekal na sjezdovce že? :-))','','','50.56860142432261;16.043354272842407;17','2017-10-31 22:11:08','2017-10-31 22:11:08'),(10,6,'Suflo Hostivice','Prima pole se stromy vhodné i na instalaci branek','Autem až k mistu','','50.07609125659585;14.224505424499512;16','2017-10-31 23:00:32','2017-10-31 23:00:40'),(11,9,'Karviná','Velký travnatý prostor pro race , hodně stromků','parkování přímo na místě','Tráva se seče tak 2 x ročně, takže na lítání v přijatelných podmínkách je jen pár týdnů v roce','49.843483202937136;18.50748896598816;17','2017-11-01 17:35:51','2017-11-01 17:43:58'),(12,9,'Havířov pod Duklou','Velká travnatá plocha','Dobře udržovaná plocha s častým sečením trávy','parkování','49.80240275193982;18.444414138793945;15','2017-11-01 17:52:05','2017-11-01 17:52:05'),(13,9,'Šenov','Velká travnatá plocha','parkování přímo na místě','sečení trávy se dělá asi tak 2x za rok, takže pro lítání je jen pár týdnů v roce','49.78018332663751;18.379569053649902;16','2017-11-01 17:54:58','2017-11-01 17:54:58'),(14,1,'Malešice','<a href=\"https://www.youtube.com/watch?v=yLc9ayPiiKE\"><img src=\"http://img.youtube.com/vi/yLc9ayPiiKE/hqdefault.jpg\" height=\"200\" width=\"auto\" /></a><br><br><a href=\"https://www.youtube.com/embed/yLc9ayPiiKE\">https://www.youtube.com/embed/yLc9ayPiiKE</a><br><br>','','','50.0903013;14.5243183;18','2017-11-01 20:35:04','2017-11-01 20:35:04'),(15,1,'Malenovice Riviéra','Zapomenuté koupaliště, budova, tobogány.<br>Je tam cedule zákaz vstupu, na větší akci to není.','','','49.2007261;17.6007521;18','2017-11-01 20:35:04','2017-11-01 20:35:04'),(16,1,'Točná','<img src=\"https://lh5.googleusercontent.com/PZwQ58sWNOLYqdB5GRXwv1GA9oQqIo6Z5LR8haB8zKrF-hF8s8Vc_Cg257m4_lstp9F5nEv4sXzztDzdSIXzeBu8-FHFu67EpsvKwn0ZCz0m_UeJgLS7rp7aa4JQWIw\" height=\"200\" width=\"auto\" /><br><br>Členitost: Plochá louka, pár ojedinělých stromků<br>Parkování autem: Ne, na příjezdové cestě zákaz vjezdu (pro odvážné neplatí)<br>Frekventovanost: Nízká, pár pejskařů, většina lidí chodí po cestě okolo.<br>Speciální info: Na kopci za lesem sportovní letiště, držte se spíš níž :)<br><br><img src=\"https://lh6.googleusercontent.com/AzYwx7tP4rD_QhJ71Nbm-P6u9Jwn0f1EGa0627dgVLfrKiMcyJrPzHMROPSYEuKSrTC6b3p16-Yp2Nc_MhOdqua-jHVkTxdgkYvJ6gzZFmt3r1tOyMOr88XwUeTLpYUehQ\" height=\"200\" width=\"auto\" /><br><br><img src=\"https://lh5.googleusercontent.com/xzkEUU6Oeg5qZX8jpIZuA4hP_IX1IHlCJDPMWk6npgq0uqO16SNoWaIOmyVz9CxGLnt4Zio6XtS725CpsdDd3xFfPESxBU9Uy7MJUEa4NRyOctSK7F8LIW21Gg34324\" height=\"200\" width=\"auto\" /><br><br><img src=\"https://lh4.googleusercontent.com/m6D9j4bCNB0cDdAoL4UtK3EM6UvGgXmZ7cx3Ugw6zfVQRC1m_fyM6I_x1Fq1IdfKeRcXdXFMnuwXkX9d2xGKXwGBQBKbiZ6kzaMMzQTSK_tj30cBGvxUmjIuwYz9qn-oxg\" height=\"200\" width=\"auto\" />','','','49.9938793;14.4257247;18','2017-11-01 20:35:04','2017-11-01 20:35:04'),(17,1,'Betonárka Chodov','<img src=\"https://lh6.googleusercontent.com/bCgYQzTax9cP8T5WHh6o9VZ3CSVouLLl0A4Jcpr1ZIocCYJVA5Qkvl3wXN5TuJjZNm9JcvzYQDFiNwdfNoNaOIxKnWGtxMVvCKyMN1f6RoIouKeF08RPmtqzFosMORI\" height=\"200\" width=\"auto\" /><br><br>Velký prostor na létání ohraničený vysokým valem, bez lidí, je tu i betonový plac na přistávání letadel. Je zde i trvalá RC dráha pro auta. Parkování u brány z uice Na Jelenách nebo Cigánkova, nedá se zajet až do areálu.','','','50.020983;14.505676;18','2017-11-01 20:35:05','2017-11-01 20:35:05'),(18,1,'MattyStuntz world','<img src=\"https://lh5.googleusercontent.com/zLxNEJHbEolVhHJBSuX1ZXXl6lbvvlvbqytN5-3aWNcAduJtSfPXuGk-_qnNrtkE9i0eT85wm99pUTh06m16wg-2S85GBuFdLUIK8ib9UYZqMm_dyEBAlY2rViZ9a-k\" height=\"200\" width=\"auto\" /><br><br>Supr na trénování Mattystuntz triků: https://www.youtube.com/watch?v=c2EfY-SnfC8 ','','','50.4596351;16.0483539;18','2017-11-01 20:35:05','2017-11-01 20:35:05'),(19,1,'Malenovice skleníky','Opuštěné budovy, skleníky, komíny veřejný ale soukromý pozemek, v neděli jsou tam militaristi.','','','49.2092412;17.5866035;18','2017-11-01 20:35:05','2017-11-01 20:35:05'),(20,1,'Smeťák','<img src=\"https://lh3.googleusercontent.com/eAuE8i2nKi2OECCbN-4P_JlYzp-K2jCOEUFLFPFvnw_IVznsEhzohmcovqGY2aAoxoB8sEuWa3Z8gzyXu1UsgFJ381A1swejtpSMrsH2HX41hIJs6YM2zLTMaHFy6LYB\" height=\"200\" width=\"auto\" /><br><br>Dost často zde nikdo není, občas kiting a v tu chvíli je zde létání zakázáno viz web dole. Křídla jsou vidět z dálky takže je hned vidět jestli je volno. Auto zůstane pod kopcem ulice Vyderská, nahoře je pěkná lavička a stůl. Žádné překážky. Web klubu: www.smetak.banda.cz','','','50.0284063;14.5839094;18','2017-11-01 20:35:05','2017-11-01 20:35:05'),(21,1,'Černý Most\n','Louka se stromky, které nabízejí možnost sestavit si různorodou trať.','','','50.0995649;14.5761538;18','2017-11-01 20:35:05','2017-11-01 20:35:05'),(22,1,'Slalomový ráj Zbraslavského Zámku','Zámecký sad s haldou stromů vysázených v přímých řadách, slalomový ráj. Nevýhoda je nedaleká strakonická = kravál a držet se v sadu (je dostatečně velký). Netuším, zda neni soukromé, ale oploceno není a nikdo mě vyhnat nepřišel. Civilisti v sadu v podstatě žádní, na venčení, ani romantiku to neni nic moc místo...','','','49.9800604;14.3918002;18','2017-11-01 20:35:05','2017-11-01 20:35:05'),(23,1,'Bohdašín_hřiště','<img src=\"https://lh4.googleusercontent.com/GO8KP3AnbxX1vUWug0AJTyd0AJAOSvrvQ_-mdL1GG8aebLGFrtY4g28HbskCuTz8LIPJxWA43MDKtZIqbTASxNnCXEYxkao-mk7gnQAJ14WOpIuO_X7gn1GknWZrc4yt\" height=\"200\" width=\"auto\" /><br><br>Les, louka, branky...','','','50.5027073;16.1045194;18','2017-11-01 20:35:05','2017-11-01 20:35:05'),(24,1,'Milíčovský vrch\n','<img src=\"https://lh6.googleusercontent.com/fJc__YHD6kLZYxkusiPyyp5HYN3I0DKeQJUbnkPljO-rocbTdB6jzlRJb9v-aoZ_UDff4ctgvS2XykQe0G1XPog7qL5owK-L6-tUrKKpVtAlES0apQ6ZxDpQUMtEyAblHw\" height=\"200\" width=\"auto\" /><br><br>Hodně zajímavých stromků, docela málo místa a občas někdo projde kolem a kouká se. Chce to buzzer a taky armování pod úhlem na sundavání ze stromu :D. Parkování z ulice Proutěná. 3pejskaři/hod..<br><br><a href=\"https://www.youtube.com/watch?v=5jaUyYKoRjI\"><img src=\"http://img.youtube.com/vi/5jaUyYKoRjI/hqdefault.jpg\" height=\"200\" width=\"auto\" /></a><br><br><a href=\"https://www.youtube.com/embed/5jaUyYKoRjI\">https://www.youtube.com/embed/5jaUyYKoRjI</a>','','','50.0238436;14.5318437;18','2017-11-01 20:35:05','2017-11-01 20:35:05'),(25,1,'Bohutínské opuštěné fotbalové hřiště','Opuštěné fotbalové hřiště 50 metru od silnice na Rožmitál. Třikrát do roka využité místní ZŠ, jinak krásná samota. Obsahuje několik prastarých kovových branek na malou kopanou, klasické dvě velké fotbalové branky a několik starých překážek pro psy.. Obehnáno dokola cestou, lemovanou topoly. Na místě jsem začínal s FPV a rád se tam vrátím. DVR video z místa (pilotáž ignorovat, lítal jsem třetí týden) je na https://www.youtube.com/watch?v=kC21wVMYDR0&index=5&list=PL8pyeulUqBQNzYb2F9YyXxetmMIyaQrD1','','','49.6534046;13.9456415;18','2017-11-01 20:35:05','2017-11-01 20:35:05'),(26,1,'Dívčí hrady\n','<img src=\"https://lh5.googleusercontent.com/4vZKujkIB9bsMpOztF2b6semtETA2_LRGz71XDLok3u-2htIbiN0KI0Ni0yxtySNEoWXZUR8HDWxh_QTxwZY54Fy3kUITd2OnS6PyYmV4Fm7xK4-n1r54SY29Z17ASGs-w\" height=\"200\" width=\"auto\" /><br><br>Členitost: Louka se stromky, super na tratě, ohraničeno školkou malých stromků<br>Parkování autem: Ne, nejbližší místo (50.05208, 14.39496) ale i to je za zákazem.<br>Frekventovanost: V létě asi budou lidi chodit po té cestě uprostřed na stezku, takže na to pozor','','','50.046889;14.3959375;18','2017-11-01 20:35:05','2017-11-01 20:35:05'),(27,1,'Hostivická sušička','<img src=\"https://lh6.googleusercontent.com/PDPD5isPkvJi90yXwWvjuZFrnVS51aGhcdNz-5luv8LEEDFUjMapbcoRgV7ow9d-GNRgLWydBySKdQeJpR_9MWB8YcDeixrUkhN6alwhOShu9W_VonhYzjnLIYmAjqkQ4g\" height=\"200\" width=\"auto\" /><br><br>Pole, stromy, scházíme se zde i s brankami a vlajkami.','','','50.0743286;14.2210722;18','2017-11-01 20:35:05','2017-11-01 20:35:05'),(28,1,'Jižní město','<img src=\"https://lh6.googleusercontent.com/fKFMtt0jrnZNhqqzpyrP8Orfr2SwLhFqz1aOpeE02rRr2vXtVqTYPUSMwBl3wyVwK6Iw_n1vd8bdaanicI8fcb2m9o2ProT0wAqm1B_aGBrlQt74nFKHvk1fMn24vPI\" height=\"200\" width=\"auto\" /><br><br>Malá louka celkem bez lidí, 1 pejskař/hod. Dá se lítat přímo z auta. ','','','50.0329277;14.5408988;18','2017-11-01 20:35:05','2017-11-01 20:35:05'),(29,1,'Park Zličín','Takřka opuštěný park - skvělé místo na létání s přírodními překážkami','','','50.0550998;14.3034053;18','2017-11-01 20:35:05','2017-11-01 20:35:05'),(30,1,'Louka Nový Knín','Členitá louka ve svahu s přirozenou velkou bránou mezi dvěma stromy (tunel). Každá okolní louka (a že jich tu je) obsahuje různé prvky pro průlety, ale spojuje je nedostatek civilistů a tedy pocit sucha, klidu a bezpečí...','','','49.7779802;14.2855954;18','2017-11-01 20:35:05','2017-11-01 20:35:05'),(31,1,'Louka za Klajdou u lesního lomu','Provoz velmi malý, téměř žádný (pejskaři nebo turisti spíš chodí bokem), branky bez problémů.','','','49.2254734;16.6928673;18','2017-11-01 20:35:05','2017-11-01 20:35:05'),(32,1,'Černovické terasy','Provoz malý, pejskaři v tomto místě parkují a chodí po asfaltové cestě za závorou. Na louku by neměl být problém dát branky. Je to kousek od letiště, ale s miniquadama není problém. Občas zde bývají s kitem<br>Bývá silnější vítr','','','49.1641817;16.6699934;18','2017-11-01 20:35:05','2017-11-01 20:35:05'),(33,1,'Lidice za hrbitovem','<img src=\"https://lh4.googleusercontent.com/IuQEZDuPPmZ2wf77VH0Q0D73_wwiy7ZjnF4ZOpI8uf1Fw9TidtSFR68qiyH8UfJ81aIfSVN6R6rnidBCDlTvXW8P8p2y319GPtxIzGi7RPiYfnJQC4RHtRMUOLRmZU0\" height=\"200\" width=\"auto\" /><br><br>Plocha je sekana, a jsou tu osamnely stromy i ridky hajek - Pozor v lete se tu opalujou lidi ale jinak je tu klid. Zadna vetsi akce neni vhodna ale pohodovy poletani jde','','','50.1374907;14.199636;18','2017-11-01 20:35:05','2017-11-01 20:35:05'),(34,1,'Největší krtinec ve střední evropě','Neoficiální motokrosová dráha - není to tak uplně louka, ale motokrosáci tu nejezdí moc často a bývají tak 3 nebo 4. Na branky to asi moc není, ale dá se kolem stromů a keřů. Provoz téměř nulový pokud zde nejsou motokrosaři. Ale když jsem tam byl s nima tak neměli problém, když jsem lítal zároveň v dostatečné vzdáleností od jezdce.','','','49.1683418;16.6705835;18','2017-11-01 20:35:05','2017-11-01 20:35:05'),(35,1,'Radlická','<img src=\"https://lh3.googleusercontent.com/D7tIkAGYl_FjXSan8pJfSVhB_-9l1uY5ZBC_p-yA-hHe3MXbbmY20hQDyGA5Om1-QIT5mjbexdlo8ORfaGQOXvv1DRgi1IJiT3pn--k_OMyRrlnMqnq6ew_apJ5iJu_c\" height=\"200\" width=\"auto\" /><br><br>Menší louka dobře dostupná z metra.','','','50.0552032;14.3871009;18','2017-11-01 20:35:05','2017-11-01 20:35:05'),(36,1,'Jabloňka','<img src=\"https://lh3.googleusercontent.com/BnH27GEnT6NRUPWhppU9-3UlxTiIUN9pPNDDwPgbwuRYgw7M9YWtgs7FXmtdYNdo_tMHnkA-nAi_OlX3evPj2kofxgTL9Yhb3A5rSff7LyUpSpsKccIRA9haLW1W6PI\" height=\"200\" width=\"auto\" /><br><br>Trávnatá plocha 130x60 metrov a skala vysoká 80 metrov vhodná na dive.','','','50.1155458;14.4393987;18','2017-11-01 20:35:05','2017-11-01 20:35:05'),(37,1,'Vyhlídka na Brno','Parcela dobrá na vlajky','','','49.2155753;16.6712004;18','2017-11-01 20:35:05','2017-11-01 20:35:05'),(38,1,'Pod Hády','Placek kde nikdo moc nechodí víc keřů ale vlajka branka asi bez problémů.','','','49.2138898;16.6644868;18','2017-11-01 20:35:05','2017-11-01 20:35:05'),(39,1,'Louka Tesco KrPole','Provoz různý, většinou pejskaři. Nutno dávat na ně pozor. Branky nevím jestli tu kluci lítali, ale dá se využít keřů a stromků.','','','49.2164198;16.6096652;18','2017-11-01 20:35:05','2017-11-01 20:35:05'),(40,1,'Zeleneč','Kopeček, nízké stromy. Určené spíše pro rekreační zalítání. Nic velkého. Ale zatím vždy bez problémů.','','','50.1444149;14.6870416;18','2017-11-01 20:35:05','2017-11-01 20:35:05'),(41,1,'Alej stromu za Penny','Rada stromu idealni na trenink slalomu. Místo není moc velké - cca 10x150m ale je z jedne strany plot a z druhe volné prostrastvi, trava je sekana a jen obcas se objevi vencici lide jinak se tu nikdo nevyskytuje','','','50.125854;14.1222918;18','2017-11-01 20:35:06','2017-11-01 20:35:06'),(42,1,'Letiště pro modeláře','Spíše pro začínající','','','50.3965434;14.8906052;18','2017-11-01 20:35:06','2017-11-01 20:35:06'),(43,1,'Letiste Velka Dobra','sice tu nejsou zadne prirozene prekazky ale je to velka stale sekana travnata plocha','','','50.1178608;14.0797842;18','2017-11-01 20:35:06','2017-11-01 20:35:06'),(44,1,'Žuráň','Výborné místo třeba pro jednoho nebo dva lidi. Malé, ale stromy, sloupy.<br>Problém je provoz, který je velký. Nejezdím tady nejčastěji, ale zatím se mi zadařilo jen jednou večer že tu nikdo nebyl.<br>https://www.youtube.com/watch?v=QQ0BsvjpvtA','','','49.1797678;16.7380169;18','2017-11-01 20:35:06','2017-11-01 20:35:06'),(45,1,'Model. letiště Sobínka','<a href=\"https://www.youtube.com/watch?v=IgmkR0dgQtQ\"><img src=\"http://img.youtube.com/vi/IgmkR0dgQtQ/hqdefault.jpg\" height=\"200\" width=\"auto\" /></a><br><br><a href=\"https://www.youtube.com/embed/IgmkR0dgQtQ\">https://www.youtube.com/embed/IgmkR0dgQtQ</a><br><br>http://www.sobinka.eu','','','50.0549207;14.2701137;18','2017-11-01 20:35:06','2017-11-01 20:35:06'),(46,1,'Postřelmov - Soutok','Velká louka se stromy','','','49.9089045;16.9292557;18','2017-11-01 20:35:06','2017-11-01 20:35:06'),(47,1,'Zábřeh - Motocrossová trať','<img src=\"https://lh4.googleusercontent.com/CVSH_6yf5YX3UlkXlAVVZ3Tlg_vup3kueZR1YdzPA2Pd6w3kQEylZzZjfUghNdAaDUhGCBr4AzQfVKp0y0tzOIKqvqkkZXSZTrRU9rkoOIEaglMn3B0m9L6QDieIaeg\" height=\"200\" width=\"auto\" /><br><br>','','','49.8905081;16.8405497;18','2017-11-01 20:35:06','2017-11-01 20:35:06'),(48,1,'Dirty Pardubice\n','když nejezděj bajkeři, dá se lítat trať dokola, případně na louce, video https://www.youtube.com/watch?v=YGBj2s8Y9tM','','','50.0415483;15.7627898;18','2017-11-01 20:35:06','2017-11-01 20:35:06'),(49,1,'Opuštěný vápencový lom','Dá se startovat z horní hrany (označený bod), odkud je rozhled na celou jámu. Na dně rostou náletové dřeviny, ale dá se mezi nima ptokličkovat. Na dno se dá dostat tajnou cestou, nebo přes recyklační závod. Vstup oficiálně zakázán.','','','49.4810142;17.4198103;18','2017-11-01 20:35:06','2017-11-01 20:35:06'),(50,1,'Vavřinec u Domažlice','Velká louka s pár stromama, občas nějaký pejskaři, ale dost málo.','','','49.4188884;12.9090321;18','2017-11-01 20:35:06','2017-11-01 20:35:06'),(51,1,'U Prokopáku','Pěkné místo na zalétání i menší trať. Jedna lavička, 3 stromy.','','','50.0441322;14.3541071;18','2017-11-01 20:35:06','2017-11-01 20:35:06'),(52,1,'Ke Břvům','','','','50.0668355;14.2598261;18','2017-11-01 20:35:06','2017-11-01 20:35:06'),(53,1,'Polňačka se stromy','Polňačka se stromy s dobrými rozestupy a dostatečnou výškou větví. Ideální na první krůčky s freestyle.','','','49.4711256;17.4908245;18','2017-11-01 20:35:06','2017-11-01 20:35:06'),(54,1,'Knejzlíkovy sady','Bývalé sady, nyní pár mladých stromků. Polní cesta lemovaná stromky, \"hříbky\" na posezení, výhled na Přerov. Je to poměrně atraktivní lokalita, často se tam vyskytují výletníci a přes den i školy. Ale po ránu a přes oběd se to dá.','','','49.4825582;17.426548;18','2017-11-01 20:35:06','2017-11-01 20:35:06'),(55,1,'Louka na přehradě','Provoz hodně velký, ale najdou se i chvíle, kdy je prázdno. Pozor, pejskaři a kolemjdoucí chodí i přímo přes pole a usazují se na betonových kanálech nebo přímo na louce. Celkem často zde ale potkáte nějakou jinou poletuchu, lidé jsou celkem zvyklí (startují tu i balony).','','','49.2280116;16.5185371;18','2017-11-01 20:35:06','2017-11-01 20:35:06'),(56,1,'Staré město - cesta v poli','>2km dlouhá opuštěná asfaltová cesta, ideální na testování dosahu. V okolí spousta polí na lítání, výskyt lidí nízký. ~6km daleko je letiště, proto raději nelítat moc vysoko :)','','','49.0861218;17.4754286;18','2017-11-01 20:35:06','2017-11-01 20:35:06'),(57,1,'Pod mostem','Dá se dostat autem úplně pod most nové rychlostní spojky Opava-Ostrava, cestou z leva (z prava jde lesem) od výjezdu z Hrabyně na Ostravu, je to štěrk a makadam, ne úplně pro sport auto... dole jsou pilíře a vyvýšené roury kanalizace vhodné pro kličkování a navigaci.','','','49.8841451;18.0680788;18','2017-11-01 20:35:06','2017-11-01 20:35:06'),(58,1,'Lednice - Novy dvur','Obrovsky prostor kde se nepohybuje moc lidi ani behem turisticke sezony. Da se prijet autem az na misto. Jsou zde stromy, posedy a dalsi atrakce...','','','48.7709695;16.8090928;18','2017-11-01 20:35:06','2017-11-01 20:35:06'),(59,1,'Račerovice','Po sekaná louka na freestyle i branky','','','49.2424901;15.8367705;18','2017-11-01 20:35:06','2017-11-01 20:35:06'),(60,1,'Levice - Travnata plocha\n','Sem tam strom, vela psov, ale da sa :) ludom sa to (zatial) paci','','','48.2054382;18.6019135;18','2017-11-01 20:35:06','2017-11-01 20:35:06'),(61,1,'Auto/motokrossová trať','Krásná trať, vhodná spíš pro éro, nebo větší quad. Bod na mapě je místo, ze kterého se dá obletět celá trať. Moc často se tam nejezdí. Jenom bacha na dráty mezi tlampačema.','','','49.4851511;17.4313331;18','2017-11-01 20:35:06','2017-11-01 20:35:06'),(62,1,'Kavčí hory','<img src=\"https://lh4.googleusercontent.com/DXGt_4ZV63s1Zs2L64qrw9OS7s5mIG-R_5j82bKSUj_Ha0wFzxtMQgqQfb-RMcWHR0jaae5sMpZEVFNOgUvL459VJt7gg2GlZqCd6O1QAI_YTOakyp4ke9_DovMEctr5bA\" height=\"200\" width=\"auto\" /><br><br>Cca 70m × 70m. Bývalé baseballové hřiště, krátký udržovaný trávník, pár stromů. Pejskaři chodí po cestách, parkovat se dá hned vedle. Vhodné pro LOS i FPV.<br><br><img src=\"https://lh3.googleusercontent.com/eM-IEKXhKUcNO_jyP0hGpkdI3av_9IbfBH0uDI_IgTLqM6FJfk0iJ7_Nk7_JsDzkVw604VvWtRLDre9hK38reBWPFnEhiuEYIj5r6vhAgADp2fl0lY4IKGy4iUfrz8V8\" height=\"200\" width=\"auto\" />','','','50.0490652;14.4222808;18','2017-11-01 20:35:06','2017-11-01 20:35:06'),(63,1,'Liberec-Vesec','Liberec-Vesec','','','50.7269581;15.0683767;18','2017-11-01 20:35:06','2017-11-01 20:35:06'),(64,1,'Sklaka Rabakovská Louka','<a href=\"https://www.youtube.com/watch?v=a_yfz-4RI94\"><img src=\"http://img.youtube.com/vi/a_yfz-4RI94/hqdefault.jpg\" height=\"200\" width=\"auto\" /></a><br><br><a href=\"https://www.youtube.com/embed/a_yfz-4RI94\">https://www.youtube.com/embed/a_yfz-4RI94</a><br><br>Pekna nerovna louka s par stromy. 3 min chuze od zaparkovanyho auta nahore nad loukou. obcas nakej pejskar. Ufon 80)','','','50.0639782;14.5203102;18','2017-11-01 20:35:06','2017-11-01 20:35:06'),(65,1,'Pod mostem Na Hůrce','<img src=\"https://lh5.googleusercontent.com/WryEUpAI-A4voTbYC52ku3AmQi9XWW3039T7rT66-n7IMNJg58awS2cGPx_FWsSu5AHmDI1nfnUivZSKiuF9PhjYXIDz9FuesUKQu0TL0XUn8IQQ5l023WgZXsxrH_vo\" height=\"200\" width=\"auto\" /><br><br>Dobré místo na vybití baterek, když prší. <br><br><img src=\"https://lh5.googleusercontent.com/kFKRXrieclqNSqrncqa0R7-jYYPnP9htxM3MuQvArTjv577H_Gtl9VHD-71xnZdpX5VAXNXt8FuGWgcjQjD-2W_xTvkiUSSmLnwpb9FHcCX9lWP0yQFuU2Z22jlyL5As\" height=\"200\" width=\"auto\" />','','','50.0779985;14.2926389;18','2017-11-01 20:35:06','2017-11-01 20:35:06'),(66,1,'Řeporyje','Slepá silnice předělená panely vedle louky. Podél silnice středně vzrostlé stromy.','','','50.0365732;14.2977566;18','2017-11-01 20:35:06','2017-11-01 20:35:06'),(67,1,'Zábřeh - Louka & Stromy','Docela veliká louka s dobře rozmístěnými stromy. Kolem můžou procházet lidi ...','','','49.8693007;16.856073;18','2017-11-01 20:35:06','2017-11-01 20:35:06'),(68,1,'Liberec-Harcov','','','','50.7708737;15.0955904;18','2017-11-01 20:35:06','2017-11-01 20:35:06'),(69,1,'Za hrochem','Mensi placek pro 1-2 lidi, obcas byva posekanej, spis pro letani u zemi.  Obcasny vyskyt pejska nebo pruchodce. Spis pro mensi stroje','','','49.2124609;16.5588507;18','2017-11-01 20:35:06','2017-11-01 20:35:06'),(70,1,'Frantiskov','','','','50.7682494;15.0370002;18','2017-11-01 20:35:06','2017-11-01 20:35:06'),(71,1,'Motokrossová trať - Kostěnice','<img src=\"https://lh3.googleusercontent.com/ylz3kx8fxuz1NIu7YXxzRcjA7s-mv7mPRjQr25VS-NFYWd_PANCTEWiMihrB-nxuV8-NXc_q_AnvdVjO4B8X9siOrIewC72WsE-hfjtXmPBL3oii-baDCRZlGmQQBMwK\" height=\"200\" width=\"auto\" /><br><br>','','','50.0162056;15.9022486;18','2017-11-01 20:35:06','2017-11-01 20:35:06'),(72,1,'Hřibsko','Proste pole, na trenink dobry :-)  Video: https://www.youtube.com/watch?v=Rofbv4BQQyA','','','50.2014143;15.7308206;18','2017-11-01 20:35:06','2017-11-01 20:35:06'),(73,1,'Rusek','Pole na trenink. Blizko letiste, tak litat zodpovedne a ne moc vysoko.','','','50.2436989;15.8617473;18','2017-11-01 20:35:06','2017-11-01 20:35:06'),(74,1,'Louka Dobříšská','Zde jsem začínal již před sedmi lety s R/C větroněm a před půl rokem i s FPV. Myslím si, že pro začátek je to dobré místo, ale časem to bude chtít i nějaké ty překážky.','','','49.6942262;14.0180424;18','2017-11-01 20:35:06','2017-11-01 20:35:06'),(75,1,'Opuštěná farma','Ideální na fpv, mnoho oken a rozbořených staveb. U cesty je však závora - dá se lítat od ní nebo vlézt na pozemek, který je však soukromý. Byl jsem tam ale několikrát a bez problému.','','','50.4283834;14.0717483;18','2017-11-01 20:35:06','2017-11-01 20:35:06'),(76,1,'stromečky v troji','malý plac vhodný pro fpv','','','50.1155965;14.4202678;18','2017-11-01 20:35:06','2017-11-01 20:35:06'),(77,1,'Areál zdraví','super místo, pozor na pěšínku uprostřed.. v létě si tu občas lidé zkracují cestu na koupák','','','50.0972593;14.3135655;18','2017-11-01 20:35:06','2017-11-01 20:35:06'),(78,1,'Sobešice','Velká louka, pár stromu. Je nutno dávat pozor na pejskaře.','','','49.2486746;16.6247392;18','2017-11-01 20:35:06','2017-11-01 20:35:06'),(79,1,'U Křivé Borovice','Provoz nízký až střední, hlavně pejskaři, procházkáři a jezdci na koních z blízké stáje. Spousta možností parkování, které občas okupují milenci s vidinou soukromí, nebo partičky omladiny. Létal jsem zatím jen na začátku pole, vlevo po vjezdu na odbočku, bez protestů (prostě tam, kde je značka). Modeláři se tu vyskytují docela často.','','','49.2209047;16.492517;18','2017-11-01 20:35:06','2017-11-01 20:35:06'),(80,1,'Havířov ','Zde lítá skupina QUADLAND-OV  Když budete mít někdo cestu k nám, rádi vás uvidíme ','','','49.8025966;18.4447575;18','2017-11-01 20:35:06','2017-11-01 20:35:06'),(81,1,'Šenov ','Další z míst QUADLAN-OV  Přijďte si zalítat','','','49.7800725;18.3792686;18','2017-11-01 20:35:06','2017-11-01 20:35:06'),(82,1,'Bod 69','','','','49.2043783;16.3890481;18','2017-11-01 20:35:06','2017-11-01 20:35:06'),(83,1,'U paloučku','Menší travnatá plocha ideální pro začátky. Snadný přístup, blízko centra.','','','50.1506507;13.8953662;18','2017-11-01 20:35:07','2017-11-01 20:35:07'),(84,1,'Louka Tesco KrPole II','Dobré místo s \"přírodními\" překážkami (keře, stromky, železné tyče) na technickou trať asi pro 1 nebo 2 lidi. Provoz minimální a je to celkem přehledné místo.<br>Video z vhodné tratě:<br>https://www.youtube.com/watch?v=k80KUYrquG8','','','49.219328;16.6069937;18','2017-11-01 20:35:07','2017-11-01 20:35:07'),(85,1,'Průhonice/Rozkoš','Hezká rovná louka, stromky kolem cyklostezky, po které ale moc lidí nechodí.','','','49.9934775;14.5373583;18','2017-11-01 20:35:07','2017-11-01 20:35:07'),(86,1,'Roztoky','Místní již dlouho používají na letadla hlavně větroně. Lehce větrno, ale miniquad nemá problém. Pokud je posekáno dá se postavit i trať.','','','50.1551294;14.3723649;18','2017-11-01 20:35:07','2017-11-01 20:35:07'),(87,1,'Nebušická louka','skvělé místo naprosto bez lidí, jen pozor na el. sloupy na konci louky','','','50.1105337;14.3515348;18','2017-11-01 20:35:07','2017-11-01 20:35:07'),(88,1,'Point 75','','','','49.4903182;13.5907692;18','2017-11-01 20:35:07','2017-11-01 20:35:07'),(89,1,'Louka za fotbalovým stadionem ve Veselí nad Moravou','Velká louka, vede tudy nějaká naučná stezka ale nikdy jsem tam  nikoho nepotkal ','','','48.9595387;17.3643422;18','2017-11-01 20:35:07','2017-11-01 20:35:07'),(90,1,'Bývalé vojenské cvičiště Bzenec','Hodně osamocených stromů, členitý terén, písečná půda ','','','48.9555373;17.2908524;18','2017-11-01 20:35:07','2017-11-01 20:35:07'),(91,1,'Bod 78','','','','49.4148821;15.5867243;18','2017-11-01 20:35:07','2017-11-01 20:35:07'),(92,1,'Freestyle/race Seberak','<img src=\"https://lh5.googleusercontent.com/nYbXsF0FZiiCNjaS2cQ3qzLHKVDkf294GehGvu5q3Ejz5bZmIY1ZHhgHF3pkEWCOLbLsa84D_AV3Cs9H1LbjiJIr10F9DwutKdHk296hJ7FzxJyNgMzC1dRd-aL_5ka6\" height=\"200\" width=\"auto\" /><br><br>Nove prokacene a zarovnane misto, asi budouci park, nyni absolutne bez lidi. Spousta stredne velkych stromu s velkymi rozestupy, idealeni na freestyle i race. Autem se da parkovat primo na miste. Jedina nevyhoda je jeste ne uplne zatravnena puda,  takze nejake to bahynko po desti.','','','50.0130791;14.5010734;18','2017-11-01 20:35:07','2017-11-01 20:35:07'),(93,1,'U Slovanu\n','Divoka trava, kterou za celou sezonu nikdo neposece, ale paradni spot na jaro a podzim.','','','50.7765678;15.0476646;18','2017-11-01 20:35:07','2017-11-01 20:35:07'),(94,1,'Vypich','','','','50.0808282;14.3481016;18','2017-11-01 20:35:07','2017-11-01 20:35:07'),(95,1,'Louka u vodojemu','Ideální louka na stavbu branek. Alej stromů bonusem. Na místo se dá zajet autem, zalidněnost: minimální.','','','50.1464501;14.3581867;18','2017-11-01 20:35:07','2017-11-01 20:35:07'),(96,1,'Městský stadion','Multifunkční stadion, tráva pravidelně udržovaná - ideální na stavbu tratě. Příjezd buď z hlavní silnice nebo zadem po štěrkové cestě (doporučuji). Liduprázdno, maximálně Vám budou fandit důchodci z nedalekého DD. ','','','50.4021684;14.0333444;18','2017-11-01 20:35:07','2017-11-01 20:35:07'),(97,1,'Dlouhá Louka ','','','','49.0765998;13.9783752;18','2017-11-01 20:35:07','2017-11-01 20:35:07'),(98,1,'Kostomlátky u koupaliste','Bezva chládek, letos je tady krátká tráva.','','','50.1691402;14.9756366;18','2017-11-01 20:35:07','2017-11-01 20:35:07'),(99,1,'Drahelice','Velké pole','','','50.1699167;14.9986768;18','2017-11-01 20:35:07','2017-11-01 20:35:07'),(100,1,'Fotbalové hřistě Drahelice','Tady lítáme často, je zde chládek a lavičky, ještě nás odsud nikdo nevyhnal. občas zde hrajou fotbal.','','','50.1781211;15.0232565;18','2017-11-01 20:35:07','2017-11-01 20:35:07'),(101,1,'Sady','Zbylo tu už jen několik stromů, ale tráva tady není moc posekaná. Lítat se dá i nad přilehlých polích.','','','50.1976782;15.0300157;18','2017-11-01 20:35:07','2017-11-01 20:35:07'),(102,1,'Na vesláku','Louky','','','50.1860974;15.0557542;18','2017-11-01 20:35:07','2017-11-01 20:35:07'),(103,1,'Podzámka','spousta louk se stromy a jezirky :) park :)','','','49.3049509;17.3918724;18','2017-11-01 20:35:07','2017-11-01 20:35:07'),(104,1,'KM trainig race','','','','49.310687;17.3842335;18','2017-11-01 20:35:07','2017-11-01 20:35:07'),(105,1,'Za psychynou','stromy krovi atp .. ','','','49.2969684;17.3738801;18','2017-11-01 20:35:07','2017-11-01 20:35:07'),(106,1,'Homolka nad Chuchlí','Krásné místo s úzkým výhledem na Modřany přes Vltavu a starou Chuchli. Kopeček je zajímavý tím, že když stojíte na nevelkém vrcholu, terén od Vás na všechny strany jenom klesá. Homolka je přírodní rezervace.<br>Spíše na videodrony, severně je Chuchelský háj a zarostlé louky. Terén dost členitý, a zarostlý.<br>Dá se zaparkovat tak, že to máte od auta zrhuba 400 m do kopce.<br>Video pro inspiraci a představu o místě:<br>https://www.youtube.com/watch?v=jXhZ1T9Qb2Q&t','','','50.0152034;14.373301;18','2017-11-01 20:35:07','2017-11-01 20:35:07'),(107,1,'D8 dálniční most','300m dlouhý koridor pod dálničním mostem - ideální místo v deštivých dnech. Doporučuji příjezd po zpevněné polní cestě od firmy Eso-land.','','','50.440358;14.1671893;18','2017-11-01 20:35:07','2017-11-01 20:35:07'),(108,1,'Telekomunikační věž','Parádní na divy, nikdo nehlídá, nicméně dole je malý domek obehnaný plotem s ostnatým drátem, takže je potřeba dávat pozor a nespadnout tam...<br><br>https://youtu.be/a8AS0FPAeuI','','','50.2267655;14.315663;18','2017-11-01 20:35:07','2017-11-01 20:35:07'),(109,1,'Rozsáhlý lesopark','Na freestlyle nenajdete lepší místo a vyplatí se sem zajet. Po ránech a večerech liduprázdné, nicméně je třeba dbát opatrnosti, lidi sem občas chodí. O víkendech moc nedoporučuji, to je park více navštěvovaný. Ráno tu potkáte za hodinu sotva dva pejskaře nebo běžce. Park je hezky udržovaný, tráva posekaná a stromy jsou vysázeny do hezkých vzorů, je to nádherné místo na opatrné lítání. <br><br>https://youtu.be/_8HqKu1oMDk','','','50.2584828;14.3161082;18','2017-11-01 20:35:07','2017-11-01 20:35:07'),(110,1,'Větrné elektrárny Pchery','Chcete si zkusit dive obrovské větrné elektrárny? Tak hurá na to. Jsou zde dvě, pozemek není oplocený a je volně přístupný. Lítal jsem zde v době, kdy zde pán servisoval elektrárny a chodil dovnitř. Čekal jsem že dostanu vyhubováno a bude odchod, ale nic, pán mě nechal lítat a měl jsem stanoviště asi 100m od něj...<br><br>https://youtu.be/m0r0aDmmJJ4','','','50.1963321;14.1290832;18','2017-11-01 20:35:07','2017-11-01 20:35:07'),(111,1,'Rusavky','Skalnatý terén, spusta stromků po okolí... vše je přístupné, žádné velké skály, dá se po nich bezpečně lézt. Z nejvyššího bodu je výhled po okolí. Lidi sem moc nechodí. Na freestyle blbnutí ideální.','','','50.2155247;14.295195;18','2017-11-01 20:35:07','2017-11-01 20:35:07'),(112,1,'Nepoužívaná železnice','Zarostlé koleje po kterých nejezdí nikdy žádné vlaky. Parádní na high speed runy zarostlým koridorem.<br><br>https://youtu.be/jtYzrh8YhBE?t=1m36s','','','50.2436543;14.3586373;18','2017-11-01 20:35:07','2017-11-01 20:35:07'),(113,1,'Stará skládka','Illegal, vstup zakázán, ostraha do 17h, potom nehlídané a přístupné otevřenou hlavní branou nebo dírama v plotě (těch je nepočitatelně mnoho). Skládka se již nepoužívá a není tam žádný bordel, vše je zahrnuto. Perfektní spot na blbnutí, členitý terén, kopečky, spousta stromků solitérů, prašné cesty... velmi doporučuji. Operovat je možné také z pole východně od skládky z místa kde je na poli malá zalesněná část - je výše položená a je odsud výhled na celou skládku...<br><br>https://youtu.be/L_H4XcHJf8w (Start přímo na skládce, starší vodeo, mizerná pilotáž ale je vidět místo)<br>https://youtu.be/oondqTSf4LI (Start z pole vedle skládky)','','','50.1503551;14.4550252;18','2017-11-01 20:35:08','2017-11-01 20:35:08'),(114,1,'Nákladové nádraží žižkov','Zatím jsem nezkoušel, ale podle mapy vypdá použitelně.<br>- jen podle mapy. je to hlidane agenturou, posledne (2016) si me tam zapsali pri prvnim pokusu o let. doporucuji smazat z map.','','','50.0856198;14.4789505;18','2017-11-01 20:35:08','2017-11-01 20:35:08'),(115,1,'Areál bývalé Pragovky','Opuštěné místo, spousta velkých hal... bývá zde ostraha, taže potichoučku, nenápadně, rozbalit a rychle lítat dokud to jde :)','','','50.1075474;14.511652;18','2017-11-01 20:35:08','2017-11-01 20:35:08'),(116,1,'Kasárna Bílý vrch','Opuštěné místo, spousta budov, ideál na freestyle. Nehlídané.','','','50.1274635;14.6335638;18','2017-11-01 20:35:08','2017-11-01 20:35:08'),(117,1,'Louka s pár stromky','Dobré na blbnutí s menší koptérou 3\" ideál. Lidi tudy moc nechodí akdyž ano tak po pěšině která vede prostředkem louky. Dá se tu postavit trať.','','','50.2325736;14.2942402;18','2017-11-01 20:35:08','2017-11-01 20:35:08'),(118,1,'Velká louka se spoustou stromů','Perfektní místo na lítání, žádní lidi, spousta menších stromů, polní cesta... postavit se dá nahoře na kopci odkud je dobrý výhled směrem dolu a je tu hodně velký prostor na rychlé freestyle létání kolem přirozených překážek (stromů)...','','','50.2280696;14.2833745;18','2017-11-01 20:35:08','2017-11-01 20:35:08'),(119,1,'Letiště hradčany','Opuštěné vojenské letiště, spusta opuštěných budov, žádní lidé...','','','50.6226227;14.7403908;18','2017-11-01 20:35:08','2017-11-01 20:35:08'),(120,1,'Parking Hostivice','<img src=\"https://lh3.googleusercontent.com/9MWAkvM-pxDY-eQkA4ARtP6RCleyaVMy8-rFPimdBBmVmXhS_WkyCPXDW3z08L2yxNlfMlHCNdbAuDhmd-xbY2yk03gp_mwIES-rBidS15VO0QpH3uhRff5LNfFaZ_ul\" height=\"200\" width=\"auto\" /><br><br>Za rozbitou bránou louka, občas sekaná městem. Nelítat nad auty a pozor na pejskaře. Lze nabíjet z auta.','','','50.0834116;14.2453033;18','2017-11-01 20:35:08','2017-11-01 20:35:08'),(121,1,'Pod Hrází Hostivice','<img src=\"https://lh5.googleusercontent.com/7RY4nBxY-M4BEenaDGXmyDggORVoSobpEFz0s9Xb4YcDV_LQWfyKspxlNdMw4F8w_8WHx91x81bLJY11xhJdhuZu7B1JSOq4AcFotyARjKCOrgGvEbX4SNNQ8956_6zs\" height=\"200\" width=\"auto\" /><br><br>Staré fotbalové hřiště, často sekaná travnatá plocha bez stromů, vhodné na závody. Pohyb osob nutný spoter. Lze nabíjet z auta.','','','50.0771068;14.2431763;18','2017-11-01 20:35:08','2017-11-01 20:35:08'),(122,1,'Třešňovka Hostivice','<img src=\"https://lh3.googleusercontent.com/poOlSJE1JflbRwMEqQRGnPNcGMCZlBZBbA2_l8q08mT1xKVUs3hvdx6inDmmqGcMAfGLA0wg6xzdQxNkTEQc_Z3IKAGeUV8xtCCEDvDEkGM57KkCHxfsC40p6QsOksa7Cw\" height=\"200\" width=\"auto\" /><br><br>Super místo na tréning bez branek, spousta stromů travnatá udržovaná plocha. Lze nabíjet z auta.','','','50.0851516;14.2598328;18','2017-11-01 20:35:08','2017-11-01 20:35:08'),(123,1,'Teplárna Veleslavín','Opuštěné místo, stará teplárna na freestyle řádění.<br>Edit: Přineste bezdomovcům krabicáka, ať na vás nezavolají policii ;)','','','50.0934687;14.3534124;18','2017-11-01 20:35:08','2017-11-01 20:35:08'),(124,1,'ČKD Kolbenova','Opuštěná budova pro ondoor létání... velké dlouhé haly se sloupama.<br><br>http://www.fotolokace.cz/detail/ckd-kolbenova-70','','','50.1114315;14.5095009;18','2017-11-01 20:35:08','2017-11-01 20:35:08'),(125,1,'Most Zbraslav','<img src=\"https://lh5.googleusercontent.com/SRZxYUPtnfdGRFR9LjyDYFAq3Wwml3wWEWR_QrVU3Gq6M5WGXoBLjuDdpOV4LHLxtXs-O7nowjT8zRJmmzVkw5Hc5NjBzVniJHMfP0WHgSCTax_WB3ZQRrLL4ZwQ7RQ\" height=\"200\" width=\"auto\" /><br><br>Super místo kde nejsou moc lidi je to v průmyslové zóně. Dá se přijet autem kamkoli pod most z ulice Výpadová. ','','','49.9920842;14.3781853;18','2017-11-01 20:35:08','2017-11-01 20:35:08'),(126,1,'Medlánky Bouldering park','provoz je tady velmi rušný, ale ve večerních hodinách bývá park téměř prázdný<br>https://www.facebook.com/dan.rath/videos/10208408815696559/','','','49.2285773;16.5721035;18','2017-11-01 20:35:08','2017-11-01 20:35:08'),(127,1,'Medlaňák','spot přímo pod kopcem s parkovištěm. Spousta mladých vysázených stromků poslouží jako překážková a slalomová dráha. ','','','49.2358144;16.5692496;18','2017-11-01 20:35:08','2017-11-01 20:35:08'),(128,1,'Park u Čepkova','park přímo v centru města, kde nechodí po travnaté ploše vůbec nikdo. Po chodníku k zastávce už chodí více chodců. spousta stromů je zde na vyblbnutí.<br>https://www.youtube.com/watch?v=PE-JF6bYXhg','','','49.2285248;17.6585376;18','2017-11-01 20:35:08','2017-11-01 20:35:08'),(129,1,'Louka na podlesí','spousta prostoru a velká louka na zkoušení nových modelů případně freestyle ve výškách','','','49.2401891;17.6772165;18','2017-11-01 20:35:08','2017-11-01 20:35:08'),(130,1,'pole na Bartošce','Velký prostor nad loukou u splavu řeky dřevnice hned vedle cyklostezky.','','','49.224086;17.7085608;18','2017-11-01 20:35:08','2017-11-01 20:35:08'),(131,1,'Burešovy sady','Alej stromů a louka na dostatečné vyblbnutí. Spot slouží také jako vyhlídka na město Zlín. Nejkrásnější je to zde při západu slunce.','','','49.2323641;17.6950854;18','2017-11-01 20:35:08','2017-11-01 20:35:08'),(132,1,'Přílucká vyhlídka','spousta prostoru, všude pole a žádní lidé','','','49.2347916;17.7114844;18','2017-11-01 20:35:08','2017-11-01 20:35:08'),(133,1,'Louka za Č.B.','Většinou posekaná louka. Poměrně klidné místo, po úzké asfaltce kolem občas něco projede.','','','48.999405;14.5087606;18','2017-11-01 20:35:08','2017-11-01 20:35:08'),(134,6,'Kostelíček','Prima místo s polem okolo. Možnost branek nebo se jen tak vyřadit mezi stromy kolem kostela. Provoz minimální, hlavně pejskaři','Nabíjení z auta','','49.20980742638663;16.705334186553955;19','2017-11-01 21:54:22','2017-11-01 21:54:22'),(135,6,'Čerťák','Spousta stromů, louka v létě pivo. Nutné dávat pozor na výletníky','Nabíjení z auta','','49.56796394265024;18.00037980079651;17','2017-11-01 22:03:55','2017-11-01 22:03:55'),(136,6,'Kaufland NJ','Park se stromy. Nutné dávat pozor na pejskare','Nabíjení z auta','','49.587126375493234;17.999795079231262;18','2017-11-01 22:06:19','2017-11-01 22:06:19'),(137,10,'Kaple Svaté Anny','Jsou tam nějaké lavičky a nějáké opravdu vzrostlé stromy. Kolem je pole a na mistě se nikdo moc nepotuluje. Je tam malá kaplička, spíš jen taková železná konstrukce vhodná na průlety. Okolní cesty jsou pro zemědělskou techniku.','Téměř žádné rušivé elementy.','Občas tam zemědělci něco parkujou.','49.934631736061284;17.85924196243286;19','2017-11-02 11:55:17','2017-11-02 11:55:17'),(138,1,'Bilboard','<img src=\"https://lh4.googleusercontent.com/7W5Kc688Zpgs6TXdM6AcM5gR4wqaVZm3BOoi3kpVbGlgr-eR6pV3mixBoqnYBYBZlDqdOgqGerFCa9ay84tMOJak4lo-BZtUosV_z38YIv9diuNKyhEPR8smwYySbhA\" height=\"200\" width=\"auto\" /><br><br>obrovsky bilboard s velkou zeleznou konstrukciou v blizkosti su aj stromy, dobre miesto na vyblaznenie, pozor na blizku dialnicu!','','','48.2252337;17.3447835;18','2017-11-02 14:48:26','2017-11-02 14:48:26'),(139,1,'Cerveny kamen park','<a href=\"https://www.youtube.com/watch?v=jTECgnsegYQ\"><img src=\"http://img.youtube.com/vi/jTECgnsegYQ/hqdefault.jpg\" height=\"200\" width=\"auto\" /></a><br><br><a href=\"https://www.youtube.com/embed/jTECgnsegYQ\">https://www.youtube.com/embed/jTECgnsegYQ</a><br><br>Velky udrziavany park s vela prirodnymi prekazkami.  Cez vikend je tam hustejsia premavka ale je to mimo hlavny tah na hrad.  super miesto ','','','48.3955875;17.3377562;18','2017-11-02 14:48:26','2017-11-02 14:48:26'),(140,1,'Stara kotolna','stara budova s kominom, pristup len na peso.','','','48.1046606;17.2614429;18','2017-11-02 14:48:26','2017-11-02 14:48:26'),(141,1,'Park','Velky udrziavany park s vela prekazkami. vynikajuce miesto, sem tam sa ukaze nejaky clovek...','','','48.3849969;17.577492;18','2017-11-02 14:48:26','2017-11-02 14:48:26'),(142,1,'Lesik','<a href=\"https://www.youtube.com/watch?v=zYiNeqHWwVE\"><img src=\"http://img.youtube.com/vi/zYiNeqHWwVE/hqdefault.jpg\" height=\"200\" width=\"auto\" /></a><br><br><a href=\"https://www.youtube.com/embed/zYiNeqHWwVE\">https://www.youtube.com/embed/zYiNeqHWwVE</a><br><br>Maly lesik s \"tunelom\"','','','49.0434908;18.9283705;18','2017-11-02 14:48:26','2017-11-02 14:48:26'),(143,1,'Super miesto prístup autom vysoká tráva odporúčam . ','<img src=\"https://lh4.googleusercontent.com/hTLC_5m_7BZzT3acjopuRGRq_dDEvGCaleFt6mvQglRt21gTRl3DLeuOwL9uLDDFLz8M2I6NKGxLxzzzZcADLrBd3s8iyR36GaxYF-bxVuwmZHnHrNwg0OVLklVABy7m\" height=\"200\" width=\"auto\" /><br><br>','','','48.3691371;18.175689;18','2017-11-02 14:48:26','2017-11-02 14:48:26'),(144,1,'Farma ošípaných- už len ruiny','Parkovanie priamo na farme ,opustené miesto sem tam prejde nejaké auto alebo traktor . Overené miesto ani policajti so mnou nemali žiadny problém iba prešli okolo mňa obehli farmu autom a dovidenia ja som lietal ďalej. ','','','47.9881222;18.2955759;18','2017-11-02 14:48:26','2017-11-02 14:48:26'),(145,1,'Zúgov Nové Zámky','<a href=\"https://www.youtube.com/watch?v=fWNvomrOUdQ\"><img src=\"http://img.youtube.com/vi/fWNvomrOUdQ/hqdefault.jpg\" height=\"200\" width=\"auto\" /></a><br><br><a href=\"https://www.youtube.com/embed/fWNvomrOUdQ\">https://www.youtube.com/embed/fWNvomrOUdQ</a><br><br>Prístup je možný aj autom ja tu lietam pravidelne .Mám tu totiž chatu.','','','48.005813;18.1880111;18','2017-11-02 14:48:26','2017-11-02 14:48:26'),(146,1,'pri Vrábloch','<a href=\"https://www.youtube.com/watch?v=rbiFZHZw_ZI\"><img src=\"http://img.youtube.com/vi/rbiFZHZw_ZI/hqdefault.jpg\" height=\"200\" width=\"auto\" /></a><br><br><a href=\"https://www.youtube.com/embed/rbiFZHZw_ZI\">https://www.youtube.com/embed/rbiFZHZw_ZI</a><br><br>super miesto prístup autom <br><br><a href=\"https://www.youtube.com/watch?v=mXtY_tr7lUw\"><img src=\"http://img.youtube.com/vi/mXtY_tr7lUw/hqdefault.jpg\" height=\"200\" width=\"auto\" /></a><br><br><a href=\"https://www.youtube.com/embed/mXtY_tr7lUw\">https://www.youtube.com/embed/mXtY_tr7lUw</a>','','','48.2161305;18.2988882;18','2017-11-02 14:48:26','2017-11-02 14:48:26'),(147,1,'Park Palárikovo','<img src=\"https://lh4.googleusercontent.com/9sw5-kArf8p0JarPCqw_g4INEDLmANVBIcWkfXzlX1ENd5gon4K1rBZAvdyVT9kQMe6EqlFKUWQeyOdZOfPSzK7NK9cyTkC3MDX3ftPZQ_mHoNdlWspGIgsJ9UO_NvrG\" height=\"200\" width=\"auto\" /><br><br>Najlepšie chodiť ráno, chodí minimum civilistov.(overené cez víkendy)','','','48.0369677;18.0680519;18','2017-11-02 14:48:26','2017-11-02 14:48:26'),(148,1,'Park Komjatice','<a href=\"https://www.youtube.com/watch?v=nPWyYjZUpag\"><img src=\"http://img.youtube.com/vi/nPWyYjZUpag/hqdefault.jpg\" height=\"200\" width=\"auto\" /></a><br><br><a href=\"https://www.youtube.com/embed/nPWyYjZUpag\">https://www.youtube.com/embed/nPWyYjZUpag</a><br><br>Najlepšie chodiť ráno, chodí najmenej civilistov (overené cez víkendy)','','','48.1595007;18.1829416;18','2017-11-02 14:48:26','2017-11-02 14:48:26'),(149,1,'Drone plac Soblahov','Len luka da sa tam prist autom zopar stromov tam je ako orientacia.','','','48.8628797;18.0997825;18','2017-11-02 14:48:26','2017-11-02 14:48:26'),(150,1,'Drone plac FSH','Je to luka v technologickom parku, je tam kopec naletovych drevin celkom fajn sa tam lieta ale idealne az po 18 tej hodine dovtedy je na prilahlom parkovisku dost aut.','','','48.8872948;18.0004549;18','2017-11-02 14:48:26','2017-11-02 14:48:26'),(151,1,'Bod 12','','','','48.3847938;17.5851953;18','2017-11-02 14:48:26','2017-11-02 14:48:26'),(152,1,'Brezovy haj','<a href=\"https://www.youtube.com/watch?v=Rgsggiwt6Vo\"><img src=\"http://img.youtube.com/vi/Rgsggiwt6Vo/hqdefault.jpg\" height=\"200\" width=\"auto\" /></a><br><br><a href=\"https://www.youtube.com/embed/Rgsggiwt6Vo\">https://www.youtube.com/embed/Rgsggiwt6Vo</a><br><br>','','','49.114817;18.9973462;18','2017-11-02 14:48:26','2017-11-02 14:48:26'),(153,1,'Sulovske skaly','<a href=\"https://www.youtube.com/watch?v=eVLSzdLF7HQ\"><img src=\"http://img.youtube.com/vi/eVLSzdLF7HQ/hqdefault.jpg\" height=\"200\" width=\"auto\" /></a><br><br><a href=\"https://www.youtube.com/embed/eVLSzdLF7HQ\">https://www.youtube.com/embed/eVLSzdLF7HQ</a><br><br>','','','49.1795994;18.6039305;18','2017-11-02 14:48:26','2017-11-02 14:48:26'),(154,1,'Opusteny hotel','<a href=\"https://www.youtube.com/watch?v=jU5yU-gyzuY\"><img src=\"http://img.youtube.com/vi/jU5yU-gyzuY/hqdefault.jpg\" height=\"200\" width=\"auto\" /></a><br><br><a href=\"https://www.youtube.com/embed/jU5yU-gyzuY\">https://www.youtube.com/embed/jU5yU-gyzuY</a><br><br>','','','49.0821937;18.8675272;18','2017-11-02 14:48:27','2017-11-02 14:48:27'),(155,1,'Mosovsky park','<a href=\"https://www.youtube.com/watch?v=RnHkN1fnfj0\"><img src=\"http://img.youtube.com/vi/RnHkN1fnfj0/hqdefault.jpg\" height=\"200\" width=\"auto\" /></a><br><br><a href=\"https://www.youtube.com/embed/RnHkN1fnfj0\">https://www.youtube.com/embed/RnHkN1fnfj0</a><br><br>','','','48.9144338;18.8930941;18','2017-11-02 14:48:27','2017-11-02 14:48:27'),(156,1,'Skala','<a href=\"https://www.youtube.com/watch?v=RzCQZXCdbKA\"><img src=\"http://img.youtube.com/vi/RzCQZXCdbKA/hqdefault.jpg\" height=\"200\" width=\"auto\" /></a><br><br><a href=\"https://www.youtube.com/embed/RzCQZXCdbKA\">https://www.youtube.com/embed/RzCQZXCdbKA</a><br><br>','','','49.090998;18.9991486;18','2017-11-02 14:48:27','2017-11-02 14:48:27'),(157,1,'Najkrajsie miesto! (Martin)','<a href=\"https://www.youtube.com/watch?v=gKLdejSZO3w\"><img src=\"http://img.youtube.com/vi/gKLdejSZO3w/hqdefault.jpg\" height=\"200\" width=\"auto\" /></a><br><br><a href=\"https://www.youtube.com/embed/gKLdejSZO3w\">https://www.youtube.com/embed/gKLdejSZO3w</a><br><br>','','','49.0210412;19.0348005;18','2017-11-02 14:48:27','2017-11-02 14:48:27'),(158,1,'...','<a href=\"https://www.youtube.com/watch?v=bih8smEkt8U\"><img src=\"http://img.youtube.com/vi/bih8smEkt8U/hqdefault.jpg\" height=\"200\" width=\"auto\" /></a><br><br><a href=\"https://www.youtube.com/embed/bih8smEkt8U\">https://www.youtube.com/embed/bih8smEkt8U</a><br><br>','','','49.0353288;19.0194798;18','2017-11-02 14:48:27','2017-11-02 14:48:27'),(159,1,'...','<a href=\"https://www.youtube.com/watch?v=8pQ287IXD8Y\"><img src=\"http://img.youtube.com/vi/8pQ287IXD8Y/hqdefault.jpg\" height=\"200\" width=\"auto\" /></a><br><br><a href=\"https://www.youtube.com/embed/8pQ287IXD8Y\">https://www.youtube.com/embed/8pQ287IXD8Y</a><br><br>','','','49.0875411;18.9741182;18','2017-11-02 14:48:27','2017-11-02 14:48:27'),(160,1,'Vodáreň BITA','<a href=\"https://www.youtube.com/watch?v=Ye3P8TG356w\"><img src=\"http://img.youtube.com/vi/Ye3P8TG356w/hqdefault.jpg\" height=\"200\" width=\"auto\" /></a><br><br><a href=\"https://www.youtube.com/embed/Ye3P8TG356w\">https://www.youtube.com/embed/Ye3P8TG356w</a><br><br>Zaujímavé miesto na polet. Opustená vodáreň  bez okien. Chodia okolo iba záhradkári z miestnej osady cez víkendy viac ako obvykle. Samotné budovy ležia na súkromnom pozemku ale sú prístupné a zatial problém nebol.','','','48.2615021;18.0814737;18','2017-11-02 14:48:27','2017-11-02 14:48:27'),(161,1,'Amfiteáter Detva fpv','<img src=\"https://lh4.googleusercontent.com/wZo9PenmH1lYwPYvexVhAcqv73SvceOMglkI0p4w6CMZbwmmZBs7WzEiqiESeUbVRjS07KE9tXS-SFylHBgjKxaClTDj9D-4yANPNA34pYVHr6YD4hkAWqcvK4Olxj1mlg\" height=\"200\" width=\"auto\" /><br><br>','','','48.572426;19.4225943;18','2017-11-02 14:48:27','2017-11-02 14:48:27'),(162,1,'Letisko Rusovce + varovanie pred rusenim pasma\n','<img src=\"https://lh4.googleusercontent.com/V4xiQbBneDWbkjR8SB4GoCrybF1SggpFy8OlspRNrGr1vEJelHqLLnr-aDc7K4tnIE61JZhy_77W0AgV1WXKvae87ml4D1o03a1Vasmdj-0pUNL53J8RWspgG9wmGpw\" height=\"200\" width=\"auto\" /><br><br>Velka otvorena plocha, vyborna pre zaciatocnikov (nie je do coho narazit), len pred letom vzdy treba skontrolovat ci funguje pipak, lebo po stranach letiska je pole zo zitom a ked kopta tam padne, tak ju bez pipaku najdes...<br>!!! chcel by som upozornit na letisko rusovce ze nieje moc vhodne,od letiska co vidite betonovy plot tak za nim trenuju kuklaci a ked trenuju specialne operacie vyrusia kompletne pásmo od 0Mhz az po najvyssiu moznu frekvenciu ak vam tam padne lietadlo tak aby ste vedeli ze co sa udialo!!! ','','','48.0522332;17.1352682;18','2017-11-02 14:48:27','2017-11-02 14:48:27'),(163,1,'Stará Cementáreň','<img src=\"https://lh4.googleusercontent.com/1qfNanvgO6xmrDpvLGfVzz-sTFzYPCVwMv6cPxThC_a_MR8hqFbrFFzUOmqh-SZqwnukFbrlix57FFX4JiYn4NPH1cNkiizz_f4DLLH6BIRSfMXOsstGNapQnJi7c2IhPg\" height=\"200\" width=\"auto\" /><br><br>Ideálne pre TinyWhoop a pre skúsenejších aj s klasikou ... ','','','48.7267077;19.1541648;18','2017-11-02 14:48:27','2017-11-02 14:48:27'),(164,1,'Staré ihrisko Šulekovo\n','<a href=\"https://www.youtube.com/watch?v=2zBU-Gdsxdo\"><img src=\"http://img.youtube.com/vi/2zBU-Gdsxdo/hqdefault.jpg\" height=\"200\" width=\"auto\" /></a><br><br><a href=\"https://www.youtube.com/embed/2zBU-Gdsxdo\">https://www.youtube.com/embed/2zBU-Gdsxdo</a><br><br>','','','48.4181078;17.7708149;18','2017-11-02 14:48:27','2017-11-02 14:48:27'),(165,1,'Váh Siladice','<a href=\"https://www.youtube.com/watch?v=E58m0J54Mr0\"><img src=\"http://img.youtube.com/vi/E58m0J54Mr0/hqdefault.jpg\" height=\"200\" width=\"auto\" /></a><br><br><a href=\"https://www.youtube.com/embed/E58m0J54Mr0\">https://www.youtube.com/embed/E58m0J54Mr0</a><br><br>','','','48.3574378;17.7514842;18','2017-11-02 14:48:27','2017-11-02 14:48:27'),(166,1,'Váh Madunice\n','<a href=\"https://www.youtube.com/watch?v=Xq1VRsIqoJo\"><img src=\"http://img.youtube.com/vi/Xq1VRsIqoJo/hqdefault.jpg\" height=\"200\" width=\"auto\" /></a><br><br><a href=\"https://www.youtube.com/embed/Xq1VRsIqoJo\">https://www.youtube.com/embed/Xq1VRsIqoJo</a><br><br>','','','48.4691299;17.7975726;18','2017-11-02 14:48:27','2017-11-02 14:48:27'),(167,1,'Hrádza Madunice\n','<a href=\"https://www.youtube.com/watch?v=OJdY9TG0BSI\"><img src=\"http://img.youtube.com/vi/OJdY9TG0BSI/hqdefault.jpg\" height=\"200\" width=\"auto\" /></a><br><br><a href=\"https://www.youtube.com/embed/OJdY9TG0BSI\">https://www.youtube.com/embed/OJdY9TG0BSI</a><br><br>','','','48.551081;17.7826731;18','2017-11-02 14:48:27','2017-11-02 14:48:27'),(168,1,'Železničný most Hlohovec','<a href=\"https://www.youtube.com/watch?v=y-JxhOzjhdw\"><img src=\"http://img.youtube.com/vi/y-JxhOzjhdw/hqdefault.jpg\" height=\"200\" width=\"auto\" /></a><br><br><a href=\"https://www.youtube.com/embed/y-JxhOzjhdw\">https://www.youtube.com/embed/y-JxhOzjhdw</a><br><br>Da sa tam dostat od Leopoldova okolo basy','','','48.4391378;17.7926159;18','2017-11-02 14:48:27','2017-11-02 14:48:27'),(169,1,'Družstvo Terezov','<a href=\"https://www.youtube.com/watch?v=N7g6UuWKPCg\"><img src=\"http://img.youtube.com/vi/N7g6UuWKPCg/hqdefault.jpg\" height=\"200\" width=\"auto\" /></a><br><br><a href=\"https://www.youtube.com/embed/N7g6UuWKPCg\">https://www.youtube.com/embed/N7g6UuWKPCg</a><br><br>','','','48.4020768;17.7517713;18','2017-11-02 14:48:27','2017-11-02 14:48:27'),(170,1,'Hlohovec Svah','Mierny svah s výhľadom na celý Hlohovec. Na časti kopca je vysoká tráva vhodná na pristátie bez podvozku, zbytok je obrovská rola','','','48.4430097;17.8234291;18','2017-11-02 14:48:27','2017-11-02 14:48:27'),(171,1,'Pri štrku','Pekné rozloženie stromov do kruhu, dobre sa lieta medzi nimi a v tuneloch z listov a stromov. Pozor, je to pri vode, jedného som tam utopil :(','','','48.1155187;17.1388328;18','2017-11-02 14:48:27','2017-11-02 14:48:27'),(172,1,'Kulíškova Školské ihrisko','nechodiť počas školských hodín sú tam deti. Ku večeru sú tam ľudia čo behajú. Dobré na závody, otvorené pre verejnosť.','','','48.1504797;17.1308479;18','2017-11-02 14:48:27','2017-11-02 14:48:27'),(173,1,'Poľovnícka chata - Horná Kráľová','Ideálne na trening. Bazové kríky nízke stromy s tenšími konármi + vysoká tráva. Koptéra v pohode prežije aj tvrdší pád. Chodievame sem lietať podvečer a samozrejme sa snažíme rešpektovať prípadných poľovníkov. Oni zasa vedia pochopiť nás :) . Prikladám video pre predstavu ako to tam vyzerá : https://youtu.be/1T-aWkliujU','','','48.2280462;17.8782856;18','2017-11-02 14:48:27','2017-11-02 14:48:27'),(174,1,'Pri Gajarskej štrkovni','<a href=\"https://www.youtube.com/watch?v=vjlF5Cfc9dA\"><img src=\"http://img.youtube.com/vi/vjlF5Cfc9dA/hqdefault.jpg\" height=\"200\" width=\"auto\" /></a><br><br><a href=\"https://www.youtube.com/embed/vjlF5Cfc9dA\">https://www.youtube.com/embed/vjlF5Cfc9dA</a><br><br>Miesto je dosť ďaleko od obývanej oblasti.Dá sa pekne polietat popod cyklo most.Pod mostom tečie mala rieka.','','','48.4972772;16.9292235;18','2017-11-02 14:48:28','2017-11-02 14:48:28'),(175,1,'LV | Stará Tehelňa','<a href=\"https://www.youtube.com/watch?v=wFtGh-HxIuA\"><img src=\"http://img.youtube.com/vi/wFtGh-HxIuA/hqdefault.jpg\" height=\"200\" width=\"auto\" /></a><br><br><a href=\"https://www.youtube.com/embed/wFtGh-HxIuA\">https://www.youtube.com/embed/wFtGh-HxIuA</a><br><br>prístup z 3 strán, parkovanie pri LOMANe, Plastmonte alebo aj pri hlavnej ceste. Vstup z každej strany. Od LOMANu cez staré paintbalové ihrisko, od PLASTMONTU zrohu, od hlavnej cesty su schody k objektu. Nelietat mimo vyznacenu zonu a extra vysoko.. predsalen su tam domy nablizku tak nech tam nepride nikto prudit :D<br><br><a href=\"https://www.youtube.com/watch?v=RoTfMsAuVr8\"><img src=\"http://img.youtube.com/vi/RoTfMsAuVr8/hqdefault.jpg\" height=\"200\" width=\"auto\" /></a><br><br><a href=\"https://www.youtube.com/embed/RoTfMsAuVr8\">https://www.youtube.com/embed/RoTfMsAuVr8</a><br><br><a href=\"https://www.youtube.com/watch?v=eRzIjDRzNBc\"><img src=\"http://img.youtube.com/vi/eRzIjDRzNBc/hqdefault.jpg\" height=\"200\" width=\"auto\" /></a><br><br><a href=\"https://www.youtube.com/embed/eRzIjDRzNBc\">https://www.youtube.com/embed/eRzIjDRzNBc</a>','','','48.2168668;18.6312997;18','2017-11-02 14:48:28','2017-11-02 14:48:28'),(176,1,'Za Ekonomickou','Pekné rozľahlé pole. V lete ho kosia a chodia tam bežne modelári lietadiel. Skvelé na začiatky alebo na postavenie trate. Prístup autom','','','48.1260758;17.1391654;18','2017-11-02 14:48:28','2017-11-02 14:48:28'),(177,1,'Training ground','<a href=\"https://www.youtube.com/watch?v=KdML6QslzNg\"><img src=\"http://img.youtube.com/vi/KdML6QslzNg/hqdefault.jpg\" height=\"200\" width=\"auto\" /></a><br><br><a href=\"https://www.youtube.com/embed/KdML6QslzNg\">https://www.youtube.com/embed/KdML6QslzNg</a><br><br>Byvale modelarske letisko, nizka trava, sem tam pokosia','','','48.4027784;17.3688698;18','2017-11-02 14:48:28','2017-11-02 14:48:28'),(178,1,'Železničný most','<a href=\"https://www.youtube.com/watch?v=OKVX6aKvWT8\"><img src=\"http://img.youtube.com/vi/OKVX6aKvWT8/hqdefault.jpg\" height=\"200\" width=\"auto\" /></a><br><br><a href=\"https://www.youtube.com/embed/OKVX6aKvWT8\">https://www.youtube.com/embed/OKVX6aKvWT8</a><br><br>aj s miestom na zaparkovanie :) pozor na vodu','','','48.5279384;19.0052211;18','2017-11-02 14:48:28','2017-11-02 14:48:28'),(179,1,'Levice - Kuferat \n','Velka plocha vhodna na bezne \"nudne\" polietanicko. Je nutne davat pozor na psickarov a okoloiducich','','','48.2056063;18.6013368;18','2017-11-02 14:48:28','2017-11-02 14:48:28'),(180,1,'Bod 41','','','','48.8732964;18.1061554;18','2017-11-02 14:48:28','2017-11-02 14:48:28'),(181,1,'Bod 42','Fajn miesto na lietanie. Bezproblemovy pristup autom. ','','','48.9548328;18.1880593;18','2017-11-02 14:48:28','2017-11-02 14:48:28'),(182,1,'Jazdecká dráha Topoľčianky','Pri vstupe zo zadu mozu zaparkovat 3 auta. Na drahe su prekazky z malych krickov. Koseny stravnik','','','48.4286097;18.4234071;18','2017-11-02 14:48:28','2017-11-02 14:48:28'),(183,1,'Bývalé smetisko','','','','48.2483546;18.6365891;18','2017-11-02 14:48:28','2017-11-02 14:48:28'),(184,1,'Starý dostihový areál','','','','48.257011;18.5130224;18','2017-11-02 14:48:28','2017-11-02 14:48:28'),(185,1,'Hilton (stará veľkovýkrmňa HD)','Prístup je od križovatky pri pošte v Hronovciach, okolo družstva sa dá prejsť ale je to len poľná cesta miestami necesta.. Na spote pozor hlavne dole vo výťahovej šachte, vyzerá, že je to len plné bordelu ale je to len bordel na vode , tak bacha na to.. spot je inak RF hell, takže bacha na to','','','47.9924491;18.5998535;18','2017-11-02 14:48:28','2017-11-02 14:48:28'),(186,1,'LV Legal a.k.a. Pipe Dream','<a href=\"https://www.youtube.com/watch?v=ikB79qAO-ug\"><img src=\"http://img.youtube.com/vi/ikB79qAO-ug/hqdefault.jpg\" height=\"200\" width=\"auto\" /></a><br><br><a href=\"https://www.youtube.com/embed/ikB79qAO-ug\">https://www.youtube.com/embed/ikB79qAO-ug</a><br><br>da sa tu vyblázniť, sem tam prejde vlak. Pozor však na el. vedenie nad traťou !!!','','','48.2044068;18.5961092;18','2017-11-02 14:48:28','2017-11-02 14:48:28'),(187,1,'Opustena Korytnica','Bandoooo, urbex, TW heaven ','','','48.8886598;19.2841548;18','2017-11-02 14:48:28','2017-11-02 14:48:28'),(188,1,'Tree Tunnel','<a href=\"https://www.youtube.com/watch?v=f7rTMD7mWgE\"><img src=\"http://img.youtube.com/vi/f7rTMD7mWgE/hqdefault.jpg\" height=\"200\" width=\"auto\" /></a><br><br><a href=\"https://www.youtube.com/embed/f7rTMD7mWgE\">https://www.youtube.com/embed/f7rTMD7mWgE</a><br><br>','','','48.2877406;18.0240315;18','2017-11-02 14:48:28','2017-11-02 14:48:28'),(189,1,'Za cintorínom','','','','48.9601586;18.8596201;18','2017-11-02 14:48:28','2017-11-02 14:48:28'),(190,1,'Bod 53','','','','48.0372977;18.1867719;18','2017-11-02 14:48:28','2017-11-02 14:48:28'),(191,1,'Stará vodáreň','Bývalá vodáreň pre miestne družstvo.. už len ruina. !!! Pozor na asi 3 otvorené kanály. je v nich voda a murphyho zákony platia na 100%','','','48.1566406;18.6554369;18','2017-11-02 14:48:28','2017-11-02 14:48:28'),(192,1,'Vajnorske letisko','Stare letisko, v zadnej casti je zakladna NATO smerom na Bratislavu zas oficialne RC letisko. Oboma smermi som zazil rusenie signalu. Lietat radsej len nad travnatou plochou, pripadne freestyle opatrne v okoli starych budov a hangarov. Budovy su v blizkosti cesty, tak opatrne ;)','','','48.2021954;17.1875525;18','2017-11-02 14:48:28','2017-11-02 14:48:28'),(193,1,'Random bando','<a href=\"https://www.youtube.com/watch?v=7POnAbRrQYA\"><img src=\"http://img.youtube.com/vi/7POnAbRrQYA/hqdefault.jpg\" height=\"200\" width=\"auto\" /></a><br><br><a href=\"https://www.youtube.com/embed/7POnAbRrQYA\">https://www.youtube.com/embed/7POnAbRrQYA</a><br><br>POZOR v budove napravo pod vezou byvaju bezdomovci so psom. nelietat dovnutra !! inac no problem. Kto vie co to bolo nech doplni info. ','','','48.1977153;17.1920854;18','2017-11-02 14:48:28','2017-11-02 14:48:28'),(194,1,'Stredný Čepeň','Trávnatá lúka s pár krýkmi vhodnými ako prekážky.','','','48.3076898;17.7401733;18','2017-11-02 14:48:28','2017-11-02 14:48:28'),(195,1,'Sherwood','<a href=\"https://www.youtube.com/watch?v=YmUewwBjvEc\"><img src=\"http://img.youtube.com/vi/YmUewwBjvEc/hqdefault.jpg\" height=\"200\" width=\"auto\" /></a><br><br><a href=\"https://www.youtube.com/embed/YmUewwBjvEc\">https://www.youtube.com/embed/YmUewwBjvEc</a><br><br>Riedky les. Problém je s parkovaním. Smerom od NR treba spomaliť, vpravo sa nachádza bývalý vjazd do lesa kde je možné nechať auto.','','','48.2613914;18.0344439;18','2017-11-02 14:48:28','2017-11-02 14:48:28'),(196,1,'Starý mäsokombinát','','','','48.1873446;18.6125886;18','2017-11-02 14:48:29','2017-11-02 14:48:29'),(197,1,'Rozhľadňa','<a href=\"https://www.youtube.com/watch?v=TwsHBd9-1KY\"><img src=\"http://img.youtube.com/vi/TwsHBd9-1KY/hqdefault.jpg\" height=\"200\" width=\"auto\" /></a><br><br><a href=\"https://www.youtube.com/embed/TwsHBd9-1KY\">https://www.youtube.com/embed/TwsHBd9-1KY</a><br><br>','','','48.257811;18.2638425;18','2017-11-02 14:48:29','2017-11-02 14:48:29'),(198,1,'JRD Černík','<a href=\"https://www.youtube.com/watch?v=h2W-mC8uS3c\"><img src=\"http://img.youtube.com/vi/h2W-mC8uS3c/hqdefault.jpg\" height=\"200\" width=\"auto\" /></a><br><br><a href=\"https://www.youtube.com/embed/h2W-mC8uS3c\">https://www.youtube.com/embed/h2W-mC8uS3c</a><br><br>Bývalé družstvo. Teraz už len ruiny. So vstupom do areálu nieje problém. Parkovanie je možné len pred bránou nakoľko je na príjazdových areálových bet.plochách veľké množstvo skla. A hlavne pozor na možné diery v zemi, jedná sa obývalé žumpy s chýbajúcimi poklopmi.<br><br><a href=\"https://www.youtube.com/watch?v=tgzLI6nsKd8\"><img src=\"http://img.youtube.com/vi/tgzLI6nsKd8/hqdefault.jpg\" height=\"200\" width=\"auto\" /></a><br><br><a href=\"https://www.youtube.com/embed/tgzLI6nsKd8\">https://www.youtube.com/embed/tgzLI6nsKd8</a>','','','48.1573259;18.2322407;18','2017-11-02 14:48:29','2017-11-02 14:48:29'),(199,1,'Luka za popradom','Na tuto luku chodievam obcas lietat, je to pekna velka plocha. Je to medzi cyklo chodnikom a cestou tak treba davat velky pozor na ludi aj auta. Niekedy chodim az za cyklo chodink ku zhluku stromov - problem je ze je tam mociar :)','','','49.0366371;20.269593;18','2017-11-02 14:48:29','2017-11-02 14:48:29'),(200,1,'Super miesto prístup autom bez problémov sú tu riedke stromy, proste paráda. ','','','','48.5489513;17.1403885;18','2017-11-02 14:48:29','2017-11-02 14:48:29'),(201,1,'Lyžiarsky vlek','<a href=\"https://www.youtube.com/watch?v=KsoP7hbCpIA\"><img src=\"http://img.youtube.com/vi/KsoP7hbCpIA/hqdefault.jpg\" height=\"200\" width=\"auto\" /></a><br><br><a href=\"https://www.youtube.com/embed/KsoP7hbCpIA\">https://www.youtube.com/embed/KsoP7hbCpIA</a><br><br>','','','48.7355309;20.0426352;18','2017-11-02 14:48:29','2017-11-02 14:48:29'),(202,1,'Muráň castle','<a href=\"https://www.youtube.com/watch?v=O6hp5Y3qjy0\"><img src=\"http://img.youtube.com/vi/O6hp5Y3qjy0/hqdefault.jpg\" height=\"200\" width=\"auto\" /></a><br><br><a href=\"https://www.youtube.com/embed/O6hp5Y3qjy0\">https://www.youtube.com/embed/O6hp5Y3qjy0</a><br><br>','','','48.745493;20.0558853;18','2017-11-02 14:48:29','2017-11-02 14:48:29'),(203,1,'Stará budova Sliač ','<img src=\"https://lh6.googleusercontent.com/hLQRy629PcR-i-eh2RPaATqmILZL543mk2yUIsoLahjHbbMmsuKj7Bb-g5Hj-um9mvxsVhFHy-Vwel9279Bv2S0iQHbI_Bib8q5rpS3SYDQM2wiTcLaoFa13_GxndIrO7A\" height=\"200\" width=\"auto\" /><br><br>','','','48.6095826;19.1598451;18','2017-11-02 14:48:29','2017-11-02 14:48:29'),(204,1,'AVALON','<a href=\"https://www.youtube.com/watch?v=3X25Gc0rM4k\"><img src=\"http://img.youtube.com/vi/3X25Gc0rM4k/hqdefault.jpg\" height=\"200\" width=\"auto\" /></a><br><br><a href=\"https://www.youtube.com/embed/3X25Gc0rM4k\">https://www.youtube.com/embed/3X25Gc0rM4k</a><br><br>Velmi riedky les, ideál na freestyle. Prístup s autom až na spot po polnej ceste. ','','','48.2607414;17.9696953;18','2017-11-02 14:48:29','2017-11-02 14:48:29'),(205,1,'Malešice','<a href=\"https://www.youtube.com/watch?v=yLc9ayPiiKE\"><img src=\"http://img.youtube.com/vi/yLc9ayPiiKE/hqdefault.jpg\" height=\"200\" width=\"auto\" /></a><br><br><a href=\"https://www.youtube.com/embed/yLc9ayPiiKE\">https://www.youtube.com/embed/yLc9ayPiiKE</a><br><br>','','','50.0903013;14.5243183;18','2017-11-02 14:50:02','2017-11-02 14:50:02'),(206,1,'Malenovice Riviéra','Zapomenuté koupaliště, budova, tobogány.<br>Je tam cedule zákaz vstupu, na větší akci to není.','','','49.2007261;17.6007521;18','2017-11-02 14:50:03','2017-11-02 14:50:03'),(207,1,'Točná','<img src=\"https://lh5.googleusercontent.com/PZwQ58sWNOLYqdB5GRXwv1GA9oQqIo6Z5LR8haB8zKrF-hF8s8Vc_Cg257m4_lstp9F5nEv4sXzztDzdSIXzeBu8-FHFu67EpsvKwn0ZCz0m_UeJgLS7rp7aa4JQWIw\" height=\"200\" width=\"auto\" /><br><br>Členitost: Plochá louka, pár ojedinělých stromků<br>Parkování autem: Ne, na příjezdové cestě zákaz vjezdu (pro odvážné neplatí)<br>Frekventovanost: Nízká, pár pejskařů, většina lidí chodí po cestě okolo.<br>Speciální info: Na kopci za lesem sportovní letiště, držte se spíš níž :)<br><br><img src=\"https://lh6.googleusercontent.com/AzYwx7tP4rD_QhJ71Nbm-P6u9Jwn0f1EGa0627dgVLfrKiMcyJrPzHMROPSYEuKSrTC6b3p16-Yp2Nc_MhOdqua-jHVkTxdgkYvJ6gzZFmt3r1tOyMOr88XwUeTLpYUehQ\" height=\"200\" width=\"auto\" /><br><br><img src=\"https://lh5.googleusercontent.com/xzkEUU6Oeg5qZX8jpIZuA4hP_IX1IHlCJDPMWk6npgq0uqO16SNoWaIOmyVz9CxGLnt4Zio6XtS725CpsdDd3xFfPESxBU9Uy7MJUEa4NRyOctSK7F8LIW21Gg34324\" height=\"200\" width=\"auto\" /><br><br><img src=\"https://lh4.googleusercontent.com/m6D9j4bCNB0cDdAoL4UtK3EM6UvGgXmZ7cx3Ugw6zfVQRC1m_fyM6I_x1Fq1IdfKeRcXdXFMnuwXkX9d2xGKXwGBQBKbiZ6kzaMMzQTSK_tj30cBGvxUmjIuwYz9qn-oxg\" height=\"200\" width=\"auto\" />','','','49.9938793;14.4257247;18','2017-11-02 14:50:03','2017-11-02 14:50:03'),(208,1,'Betonárka Chodov','<img src=\"https://lh6.googleusercontent.com/bCgYQzTax9cP8T5WHh6o9VZ3CSVouLLl0A4Jcpr1ZIocCYJVA5Qkvl3wXN5TuJjZNm9JcvzYQDFiNwdfNoNaOIxKnWGtxMVvCKyMN1f6RoIouKeF08RPmtqzFosMORI\" height=\"200\" width=\"auto\" /><br><br>Velký prostor na létání ohraničený vysokým valem, bez lidí, je tu i betonový plac na přistávání letadel. Je zde i trvalá RC dráha pro auta. Parkování u brány z uice Na Jelenách nebo Cigánkova, nedá se zajet až do areálu.','','','50.020983;14.505676;18','2017-11-02 14:50:03','2017-11-02 14:50:03'),(209,1,'MattyStuntz world','<img src=\"https://lh5.googleusercontent.com/zLxNEJHbEolVhHJBSuX1ZXXl6lbvvlvbqytN5-3aWNcAduJtSfPXuGk-_qnNrtkE9i0eT85wm99pUTh06m16wg-2S85GBuFdLUIK8ib9UYZqMm_dyEBAlY2rViZ9a-k\" height=\"200\" width=\"auto\" /><br><br>Supr na trénování Mattystuntz triků: https://www.youtube.com/watch?v=c2EfY-SnfC8 ','','','50.4596351;16.0483539;18','2017-11-02 14:50:03','2017-11-02 14:50:03'),(210,1,'Malenovice skleníky','Opuštěné budovy, skleníky, komíny veřejný ale soukromý pozemek, v neděli jsou tam militaristi.','','','49.2092412;17.5866035;18','2017-11-02 14:50:03','2017-11-02 14:50:03'),(211,1,'Smeťák','<img src=\"https://lh3.googleusercontent.com/eAuE8i2nKi2OECCbN-4P_JlYzp-K2jCOEUFLFPFvnw_IVznsEhzohmcovqGY2aAoxoB8sEuWa3Z8gzyXu1UsgFJ381A1swejtpSMrsH2HX41hIJs6YM2zLTMaHFy6LYB\" height=\"200\" width=\"auto\" /><br><br>Dost často zde nikdo není, občas kiting a v tu chvíli je zde létání zakázáno viz web dole. Křídla jsou vidět z dálky takže je hned vidět jestli je volno. Auto zůstane pod kopcem ulice Vyderská, nahoře je pěkná lavička a stůl. Žádné překážky. Web klubu: www.smetak.banda.cz','','','50.0284063;14.5839094;18','2017-11-02 14:50:03','2017-11-02 14:50:03'),(212,1,'Černý Most\n','Louka se stromky, které nabízejí možnost sestavit si různorodou trať.','','','50.0995649;14.5761538;18','2017-11-02 14:50:03','2017-11-02 14:50:03'),(213,1,'Slalomový ráj Zbraslavského Zámku','Zámecký sad s haldou stromů vysázených v přímých řadách, slalomový ráj. Nevýhoda je nedaleká strakonická = kravál a držet se v sadu (je dostatečně velký). Netuším, zda neni soukromé, ale oploceno není a nikdo mě vyhnat nepřišel. Civilisti v sadu v podstatě žádní, na venčení, ani romantiku to neni nic moc místo...','','','49.9800604;14.3918002;18','2017-11-02 14:50:03','2017-11-02 14:50:03'),(214,1,'Bohdašín_hřiště','<img src=\"https://lh4.googleusercontent.com/GO8KP3AnbxX1vUWug0AJTyd0AJAOSvrvQ_-mdL1GG8aebLGFrtY4g28HbskCuTz8LIPJxWA43MDKtZIqbTASxNnCXEYxkao-mk7gnQAJ14WOpIuO_X7gn1GknWZrc4yt\" height=\"200\" width=\"auto\" /><br><br>Les, louka, branky...','','','50.5027073;16.1045194;18','2017-11-02 14:50:03','2017-11-02 14:50:03'),(215,1,'Milíčovský vrch\n','<img src=\"https://lh6.googleusercontent.com/fJc__YHD6kLZYxkusiPyyp5HYN3I0DKeQJUbnkPljO-rocbTdB6jzlRJb9v-aoZ_UDff4ctgvS2XykQe0G1XPog7qL5owK-L6-tUrKKpVtAlES0apQ6ZxDpQUMtEyAblHw\" height=\"200\" width=\"auto\" /><br><br>Hodně zajímavých stromků, docela málo místa a občas někdo projde kolem a kouká se. Chce to buzzer a taky armování pod úhlem na sundavání ze stromu :D. Parkování z ulice Proutěná. 3pejskaři/hod..<br><br><a href=\"https://www.youtube.com/watch?v=5jaUyYKoRjI\"><img src=\"http://img.youtube.com/vi/5jaUyYKoRjI/hqdefault.jpg\" height=\"200\" width=\"auto\" /></a><br><br><a href=\"https://www.youtube.com/embed/5jaUyYKoRjI\">https://www.youtube.com/embed/5jaUyYKoRjI</a>','','','50.0238436;14.5318437;18','2017-11-02 14:50:03','2017-11-02 14:50:03'),(216,1,'Bohutínské opuštěné fotbalové hřiště','Opuštěné fotbalové hřiště 50 metru od silnice na Rožmitál. Třikrát do roka využité místní ZŠ, jinak krásná samota. Obsahuje několik prastarých kovových branek na malou kopanou, klasické dvě velké fotbalové branky a několik starých překážek pro psy.. Obehnáno dokola cestou, lemovanou topoly. Na místě jsem začínal s FPV a rád se tam vrátím. DVR video z místa (pilotáž ignorovat, lítal jsem třetí týden) je na https://www.youtube.com/watch?v=kC21wVMYDR0&index=5&list=PL8pyeulUqBQNzYb2F9YyXxetmMIyaQrD1','','','49.6534046;13.9456415;18','2017-11-02 14:50:03','2017-11-02 14:50:03'),(217,1,'Dívčí hrady\n','<img src=\"https://lh5.googleusercontent.com/4vZKujkIB9bsMpOztF2b6semtETA2_LRGz71XDLok3u-2htIbiN0KI0Ni0yxtySNEoWXZUR8HDWxh_QTxwZY54Fy3kUITd2OnS6PyYmV4Fm7xK4-n1r54SY29Z17ASGs-w\" height=\"200\" width=\"auto\" /><br><br>Členitost: Louka se stromky, super na tratě, ohraničeno školkou malých stromků<br>Parkování autem: Ne, nejbližší místo (50.05208, 14.39496) ale i to je za zákazem.<br>Frekventovanost: V létě asi budou lidi chodit po té cestě uprostřed na stezku, takže na to pozor','','','50.046889;14.3959375;18','2017-11-02 14:50:04','2017-11-02 14:50:04'),(218,1,'Hostivická sušička','<img src=\"https://lh6.googleusercontent.com/PDPD5isPkvJi90yXwWvjuZFrnVS51aGhcdNz-5luv8LEEDFUjMapbcoRgV7ow9d-GNRgLWydBySKdQeJpR_9MWB8YcDeixrUkhN6alwhOShu9W_VonhYzjnLIYmAjqkQ4g\" height=\"200\" width=\"auto\" /><br><br>Pole, stromy, scházíme se zde i s brankami a vlajkami.','','','50.0743286;14.2210722;18','2017-11-02 14:50:04','2017-11-02 14:50:04'),(219,1,'Jižní město','<img src=\"https://lh6.googleusercontent.com/fKFMtt0jrnZNhqqzpyrP8Orfr2SwLhFqz1aOpeE02rRr2vXtVqTYPUSMwBl3wyVwK6Iw_n1vd8bdaanicI8fcb2m9o2ProT0wAqm1B_aGBrlQt74nFKHvk1fMn24vPI\" height=\"200\" width=\"auto\" /><br><br>Malá louka celkem bez lidí, 1 pejskař/hod. Dá se lítat přímo z auta. ','','','50.0329277;14.5408988;18','2017-11-02 14:50:04','2017-11-02 14:50:04'),(220,1,'Park Zličín','Takřka opuštěný park - skvělé místo na létání s přírodními překážkami','','','50.0550998;14.3034053;18','2017-11-02 14:50:04','2017-11-02 14:50:04'),(221,1,'Louka Nový Knín','Členitá louka ve svahu s přirozenou velkou bránou mezi dvěma stromy (tunel). Každá okolní louka (a že jich tu je) obsahuje různé prvky pro průlety, ale spojuje je nedostatek civilistů a tedy pocit sucha, klidu a bezpečí...','','','49.7779802;14.2855954;18','2017-11-02 14:50:04','2017-11-02 14:50:04'),(222,1,'Louka za Klajdou u lesního lomu','Provoz velmi malý, téměř žádný (pejskaři nebo turisti spíš chodí bokem), branky bez problémů.','','','49.2254734;16.6928673;18','2017-11-02 14:50:04','2017-11-02 14:50:04'),(223,1,'Černovické terasy','Provoz malý, pejskaři v tomto místě parkují a chodí po asfaltové cestě za závorou. Na louku by neměl být problém dát branky. Je to kousek od letiště, ale s miniquadama není problém. Občas zde bývají s kitem<br>Bývá silnější vítr','','','49.1641817;16.6699934;18','2017-11-02 14:50:04','2017-11-02 14:50:04'),(224,1,'Lidice za hrbitovem','<img src=\"https://lh4.googleusercontent.com/IuQEZDuPPmZ2wf77VH0Q0D73_wwiy7ZjnF4ZOpI8uf1Fw9TidtSFR68qiyH8UfJ81aIfSVN6R6rnidBCDlTvXW8P8p2y319GPtxIzGi7RPiYfnJQC4RHtRMUOLRmZU0\" height=\"200\" width=\"auto\" /><br><br>Plocha je sekana, a jsou tu osamnely stromy i ridky hajek - Pozor v lete se tu opalujou lidi ale jinak je tu klid. Zadna vetsi akce neni vhodna ale pohodovy poletani jde','','','50.1374907;14.199636;18','2017-11-02 14:50:04','2017-11-02 14:50:04'),(225,1,'Největší krtinec ve střední evropě','Neoficiální motokrosová dráha - není to tak uplně louka, ale motokrosáci tu nejezdí moc často a bývají tak 3 nebo 4. Na branky to asi moc není, ale dá se kolem stromů a keřů. Provoz téměř nulový pokud zde nejsou motokrosaři. Ale když jsem tam byl s nima tak neměli problém, když jsem lítal zároveň v dostatečné vzdáleností od jezdce.','','','49.1683418;16.6705835;18','2017-11-02 14:50:04','2017-11-02 14:50:04'),(226,1,'Radlická','<img src=\"https://lh3.googleusercontent.com/D7tIkAGYl_FjXSan8pJfSVhB_-9l1uY5ZBC_p-yA-hHe3MXbbmY20hQDyGA5Om1-QIT5mjbexdlo8ORfaGQOXvv1DRgi1IJiT3pn--k_OMyRrlnMqnq6ew_apJ5iJu_c\" height=\"200\" width=\"auto\" /><br><br>Menší louka dobře dostupná z metra.','','','50.0552032;14.3871009;18','2017-11-02 14:50:04','2017-11-02 14:50:04'),(227,1,'Jabloňka','<img src=\"https://lh3.googleusercontent.com/BnH27GEnT6NRUPWhppU9-3UlxTiIUN9pPNDDwPgbwuRYgw7M9YWtgs7FXmtdYNdo_tMHnkA-nAi_OlX3evPj2kofxgTL9Yhb3A5rSff7LyUpSpsKccIRA9haLW1W6PI\" height=\"200\" width=\"auto\" /><br><br>Trávnatá plocha 130x60 metrov a skala vysoká 80 metrov vhodná na dive.','','','50.1155458;14.4393987;18','2017-11-02 14:50:04','2017-11-02 14:50:04'),(228,1,'Vyhlídka na Brno','Parcela dobrá na vlajky','','','49.2155753;16.6712004;18','2017-11-02 14:50:04','2017-11-02 14:50:04'),(229,1,'Pod Hády','Placek kde nikdo moc nechodí víc keřů ale vlajka branka asi bez problémů.','','','49.2138898;16.6644868;18','2017-11-02 14:50:04','2017-11-02 14:50:04'),(230,1,'Louka Tesco KrPole','Provoz různý, většinou pejskaři. Nutno dávat na ně pozor. Branky nevím jestli tu kluci lítali, ale dá se využít keřů a stromků.','','','49.2164198;16.6096652;18','2017-11-02 14:50:04','2017-11-02 14:50:04'),(231,1,'Zeleneč','Kopeček, nízké stromy. Určené spíše pro rekreační zalítání. Nic velkého. Ale zatím vždy bez problémů.','','','50.1444149;14.6870416;18','2017-11-02 14:50:04','2017-11-02 14:50:04'),(232,1,'Alej stromu za Penny','Rada stromu idealni na trenink slalomu. Místo není moc velké - cca 10x150m ale je z jedne strany plot a z druhe volné prostrastvi, trava je sekana a jen obcas se objevi vencici lide jinak se tu nikdo nevyskytuje','','','50.125854;14.1222918;18','2017-11-02 14:50:04','2017-11-02 14:50:04'),(233,1,'Letiště pro modeláře','Spíše pro začínající','','','50.3965434;14.8906052;18','2017-11-02 14:50:04','2017-11-02 14:50:04'),(234,1,'Letiste Velka Dobra','sice tu nejsou zadne prirozene prekazky ale je to velka stale sekana travnata plocha','','','50.1178608;14.0797842;18','2017-11-02 14:50:04','2017-11-02 14:50:04'),(235,1,'Žuráň','Výborné místo třeba pro jednoho nebo dva lidi. Malé, ale stromy, sloupy.<br>Problém je provoz, který je velký. Nejezdím tady nejčastěji, ale zatím se mi zadařilo jen jednou večer že tu nikdo nebyl.<br>https://www.youtube.com/watch?v=QQ0BsvjpvtA','','','49.1797678;16.7380169;18','2017-11-02 14:50:04','2017-11-02 14:50:04'),(236,1,'Model. letiště Sobínka','<a href=\"https://www.youtube.com/watch?v=IgmkR0dgQtQ\"><img src=\"http://img.youtube.com/vi/IgmkR0dgQtQ/hqdefault.jpg\" height=\"200\" width=\"auto\" /></a><br><br><a href=\"https://www.youtube.com/embed/IgmkR0dgQtQ\">https://www.youtube.com/embed/IgmkR0dgQtQ</a><br><br>http://www.sobinka.eu','','','50.0549207;14.2701137;18','2017-11-02 14:50:04','2017-11-02 14:50:04'),(237,1,'Postřelmov - Soutok','Velká louka se stromy','','','49.9089045;16.9292557;18','2017-11-02 14:50:05','2017-11-02 14:50:05'),(238,1,'Zábřeh - Motocrossová trať','<img src=\"https://lh4.googleusercontent.com/CVSH_6yf5YX3UlkXlAVVZ3Tlg_vup3kueZR1YdzPA2Pd6w3kQEylZzZjfUghNdAaDUhGCBr4AzQfVKp0y0tzOIKqvqkkZXSZTrRU9rkoOIEaglMn3B0m9L6QDieIaeg\" height=\"200\" width=\"auto\" /><br><br>','','','49.8905081;16.8405497;18','2017-11-02 14:50:05','2017-11-02 14:50:05'),(239,1,'Dirty Pardubice\n','když nejezděj bajkeři, dá se lítat trať dokola, případně na louce, video https://www.youtube.com/watch?v=YGBj2s8Y9tM','','','50.0415483;15.7627898;18','2017-11-02 14:50:05','2017-11-02 14:50:05'),(240,1,'Opuštěný vápencový lom','Dá se startovat z horní hrany (označený bod), odkud je rozhled na celou jámu. Na dně rostou náletové dřeviny, ale dá se mezi nima ptokličkovat. Na dno se dá dostat tajnou cestou, nebo přes recyklační závod. Vstup oficiálně zakázán.','','','49.4810142;17.4198103;18','2017-11-02 14:50:05','2017-11-02 14:50:05'),(241,1,'Vavřinec u Domažlice','Velká louka s pár stromama, občas nějaký pejskaři, ale dost málo.','','','49.4188884;12.9090321;18','2017-11-02 14:50:05','2017-11-02 14:50:05'),(242,1,'U Prokopáku','Pěkné místo na zalétání i menší trať. Jedna lavička, 3 stromy.','','','50.0441322;14.3541071;18','2017-11-02 14:50:05','2017-11-02 14:50:05'),(243,1,'Ke Břvům','','','','50.0668355;14.2598261;18','2017-11-02 14:50:05','2017-11-02 14:50:05'),(244,1,'Polňačka se stromy','Polňačka se stromy s dobrými rozestupy a dostatečnou výškou větví. Ideální na první krůčky s freestyle.','','','49.4711256;17.4908245;18','2017-11-02 14:50:05','2017-11-02 14:50:05'),(245,1,'Knejzlíkovy sady','Bývalé sady, nyní pár mladých stromků. Polní cesta lemovaná stromky, \"hříbky\" na posezení, výhled na Přerov. Je to poměrně atraktivní lokalita, často se tam vyskytují výletníci a přes den i školy. Ale po ránu a přes oběd se to dá.','','','49.4825582;17.426548;18','2017-11-02 14:50:05','2017-11-02 14:50:05'),(246,1,'Louka na přehradě','Provoz hodně velký, ale najdou se i chvíle, kdy je prázdno. Pozor, pejskaři a kolemjdoucí chodí i přímo přes pole a usazují se na betonových kanálech nebo přímo na louce. Celkem často zde ale potkáte nějakou jinou poletuchu, lidé jsou celkem zvyklí (startují tu i balony).','','','49.2280116;16.5185371;18','2017-11-02 14:50:05','2017-11-02 14:50:05'),(247,1,'Staré město - cesta v poli','>2km dlouhá opuštěná asfaltová cesta, ideální na testování dosahu. V okolí spousta polí na lítání, výskyt lidí nízký. ~6km daleko je letiště, proto raději nelítat moc vysoko :)','','','49.0861218;17.4754286;18','2017-11-02 14:50:05','2017-11-02 14:50:05'),(248,1,'Pod mostem','Dá se dostat autem úplně pod most nové rychlostní spojky Opava-Ostrava, cestou z leva (z prava jde lesem) od výjezdu z Hrabyně na Ostravu, je to štěrk a makadam, ne úplně pro sport auto... dole jsou pilíře a vyvýšené roury kanalizace vhodné pro kličkování a navigaci.','','','49.8841451;18.0680788;18','2017-11-02 14:50:05','2017-11-02 14:50:05'),(249,1,'Lednice - Novy dvur','Obrovsky prostor kde se nepohybuje moc lidi ani behem turisticke sezony. Da se prijet autem az na misto. Jsou zde stromy, posedy a dalsi atrakce...','','','48.7709695;16.8090928;18','2017-11-02 14:50:05','2017-11-02 14:50:05'),(250,1,'Račerovice','Po sekaná louka na freestyle i branky','','','49.2424901;15.8367705;18','2017-11-02 14:50:05','2017-11-02 14:50:05'),(251,1,'Levice - Travnata plocha\n','Sem tam strom, vela psov, ale da sa :) ludom sa to (zatial) paci','','','48.2054382;18.6019135;18','2017-11-02 14:50:05','2017-11-02 14:50:05'),(252,1,'Auto/motokrossová trať','Krásná trať, vhodná spíš pro éro, nebo větší quad. Bod na mapě je místo, ze kterého se dá obletět celá trať. Moc často se tam nejezdí. Jenom bacha na dráty mezi tlampačema.','','','49.4851511;17.4313331;18','2017-11-02 14:50:05','2017-11-02 14:50:05'),(253,1,'Kavčí hory','<img src=\"https://lh4.googleusercontent.com/DXGt_4ZV63s1Zs2L64qrw9OS7s5mIG-R_5j82bKSUj_Ha0wFzxtMQgqQfb-RMcWHR0jaae5sMpZEVFNOgUvL459VJt7gg2GlZqCd6O1QAI_YTOakyp4ke9_DovMEctr5bA\" height=\"200\" width=\"auto\" /><br><br>Cca 70m × 70m. Bývalé baseballové hřiště, krátký udržovaný trávník, pár stromů. Pejskaři chodí po cestách, parkovat se dá hned vedle. Vhodné pro LOS i FPV.<br><br><img src=\"https://lh3.googleusercontent.com/eM-IEKXhKUcNO_jyP0hGpkdI3av_9IbfBH0uDI_IgTLqM6FJfk0iJ7_Nk7_JsDzkVw604VvWtRLDre9hK38reBWPFnEhiuEYIj5r6vhAgADp2fl0lY4IKGy4iUfrz8V8\" height=\"200\" width=\"auto\" />','','','50.0490652;14.4222808;18','2017-11-02 14:50:05','2017-11-02 14:50:05'),(254,1,'Liberec-Vesec','Liberec-Vesec','','','50.7269581;15.0683767;18','2017-11-02 14:50:05','2017-11-02 14:50:05'),(255,1,'Sklaka Rabakovská Louka','<a href=\"https://www.youtube.com/watch?v=a_yfz-4RI94\"><img src=\"http://img.youtube.com/vi/a_yfz-4RI94/hqdefault.jpg\" height=\"200\" width=\"auto\" /></a><br><br><a href=\"https://www.youtube.com/embed/a_yfz-4RI94\">https://www.youtube.com/embed/a_yfz-4RI94</a><br><br>Pekna nerovna louka s par stromy. 3 min chuze od zaparkovanyho auta nahore nad loukou. obcas nakej pejskar. Ufon 80)','','','50.0639782;14.5203102;18','2017-11-02 14:50:05','2017-11-02 14:50:05'),(256,1,'Pod mostem Na Hůrce','<img src=\"https://lh5.googleusercontent.com/WryEUpAI-A4voTbYC52ku3AmQi9XWW3039T7rT66-n7IMNJg58awS2cGPx_FWsSu5AHmDI1nfnUivZSKiuF9PhjYXIDz9FuesUKQu0TL0XUn8IQQ5l023WgZXsxrH_vo\" height=\"200\" width=\"auto\" /><br><br>Dobré místo na vybití baterek, když prší. <br><br><img src=\"https://lh5.googleusercontent.com/kFKRXrieclqNSqrncqa0R7-jYYPnP9htxM3MuQvArTjv577H_Gtl9VHD-71xnZdpX5VAXNXt8FuGWgcjQjD-2W_xTvkiUSSmLnwpb9FHcCX9lWP0yQFuU2Z22jlyL5As\" height=\"200\" width=\"auto\" />','','','50.0779985;14.2926389;18','2017-11-02 14:50:05','2017-11-02 14:50:05'),(257,1,'Řeporyje','Slepá silnice předělená panely vedle louky. Podél silnice středně vzrostlé stromy.','','','50.0365732;14.2977566;18','2017-11-02 14:50:06','2017-11-02 14:50:06'),(258,1,'Zábřeh - Louka & Stromy','Docela veliká louka s dobře rozmístěnými stromy. Kolem můžou procházet lidi ...','','','49.8693007;16.856073;18','2017-11-02 14:50:06','2017-11-02 14:50:06'),(259,1,'Liberec-Harcov','','','','50.7708737;15.0955904;18','2017-11-02 14:50:06','2017-11-02 14:50:06'),(260,1,'Za hrochem','Mensi placek pro 1-2 lidi, obcas byva posekanej, spis pro letani u zemi.  Obcasny vyskyt pejska nebo pruchodce. Spis pro mensi stroje','','','49.2124609;16.5588507;18','2017-11-02 14:50:06','2017-11-02 14:50:06'),(261,1,'Frantiskov','','','','50.7682494;15.0370002;18','2017-11-02 14:50:06','2017-11-02 14:50:06'),(262,1,'Motokrossová trať - Kostěnice','<img src=\"https://lh3.googleusercontent.com/ylz3kx8fxuz1NIu7YXxzRcjA7s-mv7mPRjQr25VS-NFYWd_PANCTEWiMihrB-nxuV8-NXc_q_AnvdVjO4B8X9siOrIewC72WsE-hfjtXmPBL3oii-baDCRZlGmQQBMwK\" height=\"200\" width=\"auto\" /><br><br>','','','50.0162056;15.9022486;18','2017-11-02 14:50:06','2017-11-02 14:50:06'),(263,1,'Hřibsko','Proste pole, na trenink dobry :-)  Video: https://www.youtube.com/watch?v=Rofbv4BQQyA','','','50.2014143;15.7308206;18','2017-11-02 14:50:06','2017-11-02 14:50:06'),(264,1,'Rusek','Pole na trenink. Blizko letiste, tak litat zodpovedne a ne moc vysoko.','','','50.2436989;15.8617473;18','2017-11-02 14:50:06','2017-11-02 14:50:06'),(265,1,'Louka Dobříšská','Zde jsem začínal již před sedmi lety s R/C větroněm a před půl rokem i s FPV. Myslím si, že pro začátek je to dobré místo, ale časem to bude chtít i nějaké ty překážky.','','','49.6942262;14.0180424;18','2017-11-02 14:50:06','2017-11-02 14:50:06'),(266,1,'Opuštěná farma','Ideální na fpv, mnoho oken a rozbořených staveb. U cesty je však závora - dá se lítat od ní nebo vlézt na pozemek, který je však soukromý. Byl jsem tam ale několikrát a bez problému.','','','50.4283834;14.0717483;18','2017-11-02 14:50:06','2017-11-02 14:50:06'),(267,1,'stromečky v troji','malý plac vhodný pro fpv','','','50.1155965;14.4202678;18','2017-11-02 14:50:06','2017-11-02 14:50:06'),(268,1,'Areál zdraví','super místo, pozor na pěšínku uprostřed.. v létě si tu občas lidé zkracují cestu na koupák','','','50.0972593;14.3135655;18','2017-11-02 14:50:06','2017-11-02 14:50:06'),(269,1,'Sobešice','Velká louka, pár stromu. Je nutno dávat pozor na pejskaře.','','','49.2486746;16.6247392;18','2017-11-02 14:50:06','2017-11-02 14:50:06'),(270,1,'U Křivé Borovice','Provoz nízký až střední, hlavně pejskaři, procházkáři a jezdci na koních z blízké stáje. Spousta možností parkování, které občas okupují milenci s vidinou soukromí, nebo partičky omladiny. Létal jsem zatím jen na začátku pole, vlevo po vjezdu na odbočku, bez protestů (prostě tam, kde je značka). Modeláři se tu vyskytují docela často.','','','49.2209047;16.492517;18','2017-11-02 14:50:06','2017-11-02 14:50:06'),(271,1,'Havířov ','Zde lítá skupina QUADLAND-OV  Když budete mít někdo cestu k nám, rádi vás uvidíme ','','','49.8025966;18.4447575;18','2017-11-02 14:50:06','2017-11-02 14:50:06'),(272,1,'Šenov ','Další z míst QUADLAN-OV  Přijďte si zalítat','','','49.7800725;18.3792686;18','2017-11-02 14:50:06','2017-11-02 14:50:06'),(273,1,'Bod 69','','','','49.2043783;16.3890481;18','2017-11-02 14:50:06','2017-11-02 14:50:06'),(274,1,'U paloučku','Menší travnatá plocha ideální pro začátky. Snadný přístup, blízko centra.','','','50.1506507;13.8953662;18','2017-11-02 14:50:06','2017-11-02 14:50:06'),(275,1,'Louka Tesco KrPole II','Dobré místo s \"přírodními\" překážkami (keře, stromky, železné tyče) na technickou trať asi pro 1 nebo 2 lidi. Provoz minimální a je to celkem přehledné místo.<br>Video z vhodné tratě:<br>https://www.youtube.com/watch?v=k80KUYrquG8','','','49.219328;16.6069937;18','2017-11-02 14:50:06','2017-11-02 14:50:06'),(276,1,'Průhonice/Rozkoš','Hezká rovná louka, stromky kolem cyklostezky, po které ale moc lidí nechodí.','','','49.9934775;14.5373583;18','2017-11-02 14:50:07','2017-11-02 14:50:07'),(277,1,'Roztoky','Místní již dlouho používají na letadla hlavně větroně. Lehce větrno, ale miniquad nemá problém. Pokud je posekáno dá se postavit i trať.','','','50.1551294;14.3723649;18','2017-11-02 14:50:07','2017-11-02 14:50:07'),(278,1,'Nebušická louka','skvělé místo naprosto bez lidí, jen pozor na el. sloupy na konci louky','','','50.1105337;14.3515348;18','2017-11-02 14:50:07','2017-11-02 14:50:07'),(279,1,'Point 75','','','','49.4903182;13.5907692;18','2017-11-02 14:50:07','2017-11-02 14:50:07'),(280,1,'Louka za fotbalovým stadionem ve Veselí nad Moravou','Velká louka, vede tudy nějaká naučná stezka ale nikdy jsem tam  nikoho nepotkal ','','','48.9595387;17.3643422;18','2017-11-02 14:50:07','2017-11-02 14:50:07'),(281,1,'Bývalé vojenské cvičiště Bzenec','Hodně osamocených stromů, členitý terén, písečná půda ','','','48.9555373;17.2908524;18','2017-11-02 14:50:07','2017-11-02 14:50:07'),(282,1,'Bod 78','','','','49.4148821;15.5867243;18','2017-11-02 14:50:07','2017-11-02 14:50:07'),(283,1,'Freestyle/race Seberak','<img src=\"https://lh5.googleusercontent.com/nYbXsF0FZiiCNjaS2cQ3qzLHKVDkf294GehGvu5q3Ejz5bZmIY1ZHhgHF3pkEWCOLbLsa84D_AV3Cs9H1LbjiJIr10F9DwutKdHk296hJ7FzxJyNgMzC1dRd-aL_5ka6\" height=\"200\" width=\"auto\" /><br><br>Nove prokacene a zarovnane misto, asi budouci park, nyni absolutne bez lidi. Spousta stredne velkych stromu s velkymi rozestupy, idealeni na freestyle i race. Autem se da parkovat primo na miste. Jedina nevyhoda je jeste ne uplne zatravnena puda,  takze nejake to bahynko po desti.','','','50.0130791;14.5010734;18','2017-11-02 14:50:07','2017-11-02 14:50:07'),(284,1,'U Slovanu\n','Divoka trava, kterou za celou sezonu nikdo neposece, ale paradni spot na jaro a podzim.','','','50.7765678;15.0476646;18','2017-11-02 14:50:07','2017-11-02 14:50:07'),(285,1,'Vypich','','','','50.0808282;14.3481016;18','2017-11-02 14:50:07','2017-11-02 14:50:07'),(286,1,'Louka u vodojemu','Ideální louka na stavbu branek. Alej stromů bonusem. Na místo se dá zajet autem, zalidněnost: minimální.','','','50.1464501;14.3581867;18','2017-11-02 14:50:07','2017-11-02 14:50:07'),(287,1,'Městský stadion','Multifunkční stadion, tráva pravidelně udržovaná - ideální na stavbu tratě. Příjezd buď z hlavní silnice nebo zadem po štěrkové cestě (doporučuji). Liduprázdno, maximálně Vám budou fandit důchodci z nedalekého DD. ','','','50.4021684;14.0333444;18','2017-11-02 14:50:07','2017-11-02 14:50:07'),(288,1,'Dlouhá Louka ','','','','49.0765998;13.9783752;18','2017-11-02 14:50:07','2017-11-02 14:50:07'),(289,1,'Kostomlátky u koupaliste','Bezva chládek, letos je tady krátká tráva.','','','50.1691402;14.9756366;18','2017-11-02 14:50:07','2017-11-02 14:50:07'),(290,1,'Drahelice','Velké pole','','','50.1699167;14.9986768;18','2017-11-02 14:50:07','2017-11-02 14:50:07'),(291,1,'Fotbalové hřistě Drahelice','Tady lítáme často, je zde chládek a lavičky, ještě nás odsud nikdo nevyhnal. občas zde hrajou fotbal.','','','50.1781211;15.0232565;18','2017-11-02 14:50:07','2017-11-02 14:50:07'),(292,1,'Sady','Zbylo tu už jen několik stromů, ale tráva tady není moc posekaná. Lítat se dá i nad přilehlých polích.','','','50.1976782;15.0300157;18','2017-11-02 14:50:07','2017-11-02 14:50:07'),(293,1,'Na vesláku','Louky','','','50.1860974;15.0557542;18','2017-11-02 14:50:07','2017-11-02 14:50:07'),(294,1,'Podzámka','spousta louk se stromy a jezirky :) park :)','','','49.3049509;17.3918724;18','2017-11-02 14:50:07','2017-11-02 14:50:07'),(295,1,'KM trainig race','','','','49.310687;17.3842335;18','2017-11-02 14:50:07','2017-11-02 14:50:07'),(296,1,'Za psychynou','stromy krovi atp .. ','','','49.2969684;17.3738801;18','2017-11-02 14:50:07','2017-11-02 14:50:07'),(297,1,'Homolka nad Chuchlí','Krásné místo s úzkým výhledem na Modřany přes Vltavu a starou Chuchli. Kopeček je zajímavý tím, že když stojíte na nevelkém vrcholu, terén od Vás na všechny strany jenom klesá. Homolka je přírodní rezervace.<br>Spíše na videodrony, severně je Chuchelský háj a zarostlé louky. Terén dost členitý, a zarostlý.<br>Dá se zaparkovat tak, že to máte od auta zrhuba 400 m do kopce.<br>Video pro inspiraci a představu o místě:<br>https://www.youtube.com/watch?v=jXhZ1T9Qb2Q&t','','','50.0152034;14.373301;18','2017-11-02 14:50:08','2017-11-02 14:50:08'),(298,1,'D8 dálniční most','300m dlouhý koridor pod dálničním mostem - ideální místo v deštivých dnech. Doporučuji příjezd po zpevněné polní cestě od firmy Eso-land.','','','50.440358;14.1671893;18','2017-11-02 14:50:08','2017-11-02 14:50:08'),(299,1,'Telekomunikační věž','Parádní na divy, nikdo nehlídá, nicméně dole je malý domek obehnaný plotem s ostnatým drátem, takže je potřeba dávat pozor a nespadnout tam...<br><br>https://youtu.be/a8AS0FPAeuI','','','50.2267655;14.315663;18','2017-11-02 14:50:08','2017-11-02 14:50:08'),(300,1,'Rozsáhlý lesopark','Na freestlyle nenajdete lepší místo a vyplatí se sem zajet. Po ránech a večerech liduprázdné, nicméně je třeba dbát opatrnosti, lidi sem občas chodí. O víkendech moc nedoporučuji, to je park více navštěvovaný. Ráno tu potkáte za hodinu sotva dva pejskaře nebo běžce. Park je hezky udržovaný, tráva posekaná a stromy jsou vysázeny do hezkých vzorů, je to nádherné místo na opatrné lítání. <br><br>https://youtu.be/_8HqKu1oMDk','','','50.2584828;14.3161082;18','2017-11-02 14:50:08','2017-11-02 14:50:08'),(301,1,'Větrné elektrárny Pchery','Chcete si zkusit dive obrovské větrné elektrárny? Tak hurá na to. Jsou zde dvě, pozemek není oplocený a je volně přístupný. Lítal jsem zde v době, kdy zde pán servisoval elektrárny a chodil dovnitř. Čekal jsem že dostanu vyhubováno a bude odchod, ale nic, pán mě nechal lítat a měl jsem stanoviště asi 100m od něj...<br><br>https://youtu.be/m0r0aDmmJJ4','','','50.1963321;14.1290832;18','2017-11-02 14:50:08','2017-11-02 14:50:08'),(302,1,'Rusavky','Skalnatý terén, spusta stromků po okolí... vše je přístupné, žádné velké skály, dá se po nich bezpečně lézt. Z nejvyššího bodu je výhled po okolí. Lidi sem moc nechodí. Na freestyle blbnutí ideální.','','','50.2155247;14.295195;18','2017-11-02 14:50:08','2017-11-02 14:50:08'),(303,1,'Nepoužívaná železnice','Zarostlé koleje po kterých nejezdí nikdy žádné vlaky. Parádní na high speed runy zarostlým koridorem.<br><br>https://youtu.be/jtYzrh8YhBE?t=1m36s','','','50.2436543;14.3586373;18','2017-11-02 14:50:08','2017-11-02 14:50:08'),(304,1,'Stará skládka','Illegal, vstup zakázán, ostraha do 17h, potom nehlídané a přístupné otevřenou hlavní branou nebo dírama v plotě (těch je nepočitatelně mnoho). Skládka se již nepoužívá a není tam žádný bordel, vše je zahrnuto. Perfektní spot na blbnutí, členitý terén, kopečky, spousta stromků solitérů, prašné cesty... velmi doporučuji. Operovat je možné také z pole východně od skládky z místa kde je na poli malá zalesněná část - je výše položená a je odsud výhled na celou skládku...<br><br>https://youtu.be/L_H4XcHJf8w (Start přímo na skládce, starší vodeo, mizerná pilotáž ale je vidět místo)<br>https://youtu.be/oondqTSf4LI (Start z pole vedle skládky)','','','50.1503551;14.4550252;18','2017-11-02 14:50:08','2017-11-02 14:50:08'),(305,1,'Nákladové nádraží žižkov','Zatím jsem nezkoušel, ale podle mapy vypdá použitelně.<br>- jen podle mapy. je to hlidane agenturou, posledne (2016) si me tam zapsali pri prvnim pokusu o let. doporucuji smazat z map.','','','50.0856198;14.4789505;18','2017-11-02 14:50:08','2017-11-02 14:50:08'),(306,1,'Areál bývalé Pragovky','Opuštěné místo, spousta velkých hal... bývá zde ostraha, taže potichoučku, nenápadně, rozbalit a rychle lítat dokud to jde :)','','','50.1075474;14.511652;18','2017-11-02 14:50:08','2017-11-02 14:50:08'),(307,1,'Kasárna Bílý vrch','Opuštěné místo, spousta budov, ideál na freestyle. Nehlídané.','','','50.1274635;14.6335638;18','2017-11-02 14:50:08','2017-11-02 14:50:08'),(308,1,'Louka s pár stromky','Dobré na blbnutí s menší koptérou 3\" ideál. Lidi tudy moc nechodí akdyž ano tak po pěšině která vede prostředkem louky. Dá se tu postavit trať.','','','50.2325736;14.2942402;18','2017-11-02 14:50:08','2017-11-02 14:50:08'),(309,1,'Velká louka se spoustou stromů','Perfektní místo na lítání, žádní lidi, spousta menších stromů, polní cesta... postavit se dá nahoře na kopci odkud je dobrý výhled směrem dolu a je tu hodně velký prostor na rychlé freestyle létání kolem přirozených překážek (stromů)...','','','50.2280696;14.2833745;18','2017-11-02 14:50:08','2017-11-02 14:50:08'),(310,1,'Letiště hradčany','Opuštěné vojenské letiště, spusta opuštěných budov, žádní lidé...','','','50.6226227;14.7403908;18','2017-11-02 14:50:08','2017-11-02 14:50:08'),(311,1,'Parking Hostivice','<img src=\"https://lh3.googleusercontent.com/9MWAkvM-pxDY-eQkA4ARtP6RCleyaVMy8-rFPimdBBmVmXhS_WkyCPXDW3z08L2yxNlfMlHCNdbAuDhmd-xbY2yk03gp_mwIES-rBidS15VO0QpH3uhRff5LNfFaZ_ul\" height=\"200\" width=\"auto\" /><br><br>Za rozbitou bránou louka, občas sekaná městem. Nelítat nad auty a pozor na pejskaře. Lze nabíjet z auta.','','','50.0834116;14.2453033;18','2017-11-02 14:50:08','2017-11-02 14:50:08'),(312,1,'Pod Hrází Hostivice','<img src=\"https://lh5.googleusercontent.com/7RY4nBxY-M4BEenaDGXmyDggORVoSobpEFz0s9Xb4YcDV_LQWfyKspxlNdMw4F8w_8WHx91x81bLJY11xhJdhuZu7B1JSOq4AcFotyARjKCOrgGvEbX4SNNQ8956_6zs\" height=\"200\" width=\"auto\" /><br><br>Staré fotbalové hřiště, často sekaná travnatá plocha bez stromů, vhodné na závody. Pohyb osob nutný spoter. Lze nabíjet z auta.','','','50.0771068;14.2431763;18','2017-11-02 14:50:08','2017-11-02 14:50:08'),(313,1,'Třešňovka Hostivice','<img src=\"https://lh3.googleusercontent.com/poOlSJE1JflbRwMEqQRGnPNcGMCZlBZBbA2_l8q08mT1xKVUs3hvdx6inDmmqGcMAfGLA0wg6xzdQxNkTEQc_Z3IKAGeUV8xtCCEDvDEkGM57KkCHxfsC40p6QsOksa7Cw\" height=\"200\" width=\"auto\" /><br><br>Super místo na tréning bez branek, spousta stromů travnatá udržovaná plocha. Lze nabíjet z auta.','','','50.0851516;14.2598328;18','2017-11-02 14:50:09','2017-11-02 14:50:09'),(314,1,'Teplárna Veleslavín','Opuštěné místo, stará teplárna na freestyle řádění.<br>Edit: Přineste bezdomovcům krabicáka, ať na vás nezavolají policii ;)','','','50.0934687;14.3534124;18','2017-11-02 14:50:09','2017-11-02 14:50:09'),(315,1,'ČKD Kolbenova','Opuštěná budova pro ondoor létání... velké dlouhé haly se sloupama.<br><br>http://www.fotolokace.cz/detail/ckd-kolbenova-70','','','50.1114315;14.5095009;18','2017-11-02 14:50:09','2017-11-02 14:50:09'),(316,1,'Most Zbraslav','<img src=\"https://lh5.googleusercontent.com/SRZxYUPtnfdGRFR9LjyDYFAq3Wwml3wWEWR_QrVU3Gq6M5WGXoBLjuDdpOV4LHLxtXs-O7nowjT8zRJmmzVkw5Hc5NjBzVniJHMfP0WHgSCTax_WB3ZQRrLL4ZwQ7RQ\" height=\"200\" width=\"auto\" /><br><br>Super místo kde nejsou moc lidi je to v průmyslové zóně. Dá se přijet autem kamkoli pod most z ulice Výpadová. ','','','49.9920842;14.3781853;18','2017-11-02 14:50:09','2017-11-02 14:50:09'),(317,1,'Medlánky Bouldering park','provoz je tady velmi rušný, ale ve večerních hodinách bývá park téměř prázdný<br>https://www.facebook.com/dan.rath/videos/10208408815696559/','','','49.2285773;16.5721035;18','2017-11-02 14:50:09','2017-11-02 14:50:09'),(318,1,'Medlaňák','spot přímo pod kopcem s parkovištěm. Spousta mladých vysázených stromků poslouží jako překážková a slalomová dráha. ','','','49.2358144;16.5692496;18','2017-11-02 14:50:09','2017-11-02 14:50:09'),(319,1,'Park u Čepkova','park přímo v centru města, kde nechodí po travnaté ploše vůbec nikdo. Po chodníku k zastávce už chodí více chodců. spousta stromů je zde na vyblbnutí.<br>https://www.youtube.com/watch?v=PE-JF6bYXhg','','','49.2285248;17.6585376;18','2017-11-02 14:50:09','2017-11-02 14:50:09'),(320,1,'Louka na podlesí','spousta prostoru a velká louka na zkoušení nových modelů případně freestyle ve výškách','','','49.2401891;17.6772165;18','2017-11-02 14:50:09','2017-11-02 14:50:09'),(321,1,'pole na Bartošce','Velký prostor nad loukou u splavu řeky dřevnice hned vedle cyklostezky.','','','49.224086;17.7085608;18','2017-11-02 14:50:09','2017-11-02 14:50:09'),(322,1,'Burešovy sady','Alej stromů a louka na dostatečné vyblbnutí. Spot slouží také jako vyhlídka na město Zlín. Nejkrásnější je to zde při západu slunce.','','','49.2323641;17.6950854;18','2017-11-02 14:50:09','2017-11-02 14:50:09'),(323,1,'Přílucká vyhlídka','spousta prostoru, všude pole a žádní lidé','','','49.2347916;17.7114844;18','2017-11-02 14:50:09','2017-11-02 14:50:09'),(324,1,'Louka za Č.B.','Většinou posekaná louka. Poměrně klidné místo, po úzké asfaltce kolem občas něco projede.','','','48.999405;14.5087606;18','2017-11-02 14:50:09','2017-11-02 14:50:09'),(325,1,'Opuštěná farma','Velký rozpadlý statek, ideální na fpv. Dá se zajet po polní cestě až přímo dovnitř areálu. Je tam velké množství průletů zdmi, oblouky atd.','','','50.3158872;14.4715261;18','2017-11-02 14:50:09','2017-11-02 14:50:09'),(326,1,'Point 2','','','','49.0846602;15.987854;18','2017-11-02 14:50:09','2017-11-02 14:50:09'),(327,1,'Opustena budova','<a href=\"https://www.youtube.com/watch?v=z9WVuhGWsf4\"><img src=\"http://img.youtube.com/vi/z9WVuhGWsf4/hqdefault.jpg\" height=\"200\" width=\"auto\" /></a><br><br><a href=\"https://www.youtube.com/embed/z9WVuhGWsf4\">https://www.youtube.com/embed/z9WVuhGWsf4</a><br><br>volne pristupne (zadny plot), idealni \"bando\" pro zacatecniky co si chteji vyzkouset zalitat v uzavrenych prostorach protoze mista je tam spousta a \"diry\" hodne velke. schodiste jsou zbourany takze pokud by koptera zustala viset na hornim patre nebo na strese tak bez zebriku se tam neda dostat (pro tento pripad doporucuji mit nastaven anti-turtle mode). a jeste jako bonus hned kousek vedle je famozni Panska Skala (Varhany) z filmu Pysna Princezna (kdyz se postesti a nejsou okolo turisti). https://youtu.be/z9WVuhGWsf4','','','50.7733739;14.4851813;18','2017-11-02 14:50:09','2017-11-02 14:50:09'),(328,1,'Bývalé kasárny','Bohužel už je demolují. Na konci léta 2017 tam byla ještě cca polovina ze všech budov.','','','48.9574183;14.4044816;18','2017-11-02 14:50:09','2017-11-02 14:50:09'),(329,9,'Areál Zámostí Albrechtice','Skvělé místo pro lítání v areálu restaurace','Dostatek prostoru , lavičky a stoly  celoročně ,','Lítání možné jen mimo otevírací dobu provozovny ,','49.780536645370354;18.529322147369385;17','2017-11-02 20:56:29','2017-11-02 20:57:48'),(330,1,'RC Letiště Rovensko','Krásné místo na vlajky, lze zde potkat modeláře s letadlama :)','','','49.901157514139584;16.870277300477028;20','2017-11-02 21:48:26','2017-11-02 21:48:26'),(331,11,'Větrný mlýn Příčovy','Zřícenina větrného mlýna + přilehké louky. Občas někdo projde nebo přijede, udělá pár fotek a odjede, takže celkem klidné místo.\n\nhttps://youtu.be/4SZGgISI6Qg','parking u cesty','','49.6754807662098;14.381688237190247;18','2017-11-03 09:33:42','2017-11-03 09:35:23'),(332,12,'SKP Olympia','Otevřený stadion,\nlétáme tam, jen když nikoho neohrožujeme, zatím nás nikdo nevyrazil....','','Holt tam někdy přijdou běhat běhny...','49.94908672391554;15.250434279441833;17','2017-11-05 00:04:49','2017-11-05 00:04:49'),(333,12,'U vodárny','Tři pole, létá se dle toho, co tam kde zrovna roste.','','Dost frekventované místo na čumily, ale na pole nelezou','49.95253843191814;15.24627149105072;17','2017-11-05 00:06:13','2017-11-05 00:06:13'),(334,12,'Vrch Vysoká','Pěkné místo na polétání, občas se zde vyskytují i jiní modeláři.','','','49.94300421243599;15.187059044837952;17','2017-11-05 00:07:31','2017-11-05 00:07:31'),(335,1,'RC Letiště Rovensko','Udržována plocha pro RC letadla.','','','49.901154922690395;16.87027394771576;18','2017-11-05 01:37:46','2017-11-05 01:37:46'),(336,15,'Varnsdorf','','dobrá přístupnost hned vedle hlavní silnice, zároveň odděleno lesíkem','málo přírodních překážek','50.90868884396791;14.592877328395844;18','2017-11-05 12:03:08','2017-11-07 23:58:57'),(337,16,'Opusteny rozestaveny barák','někdo nedostavěl barák (bydli tam ale uz bezdomovci .. ) da se proletet zkrz viz. https://youtu.be/FgfQ4Lg6j1M opusteny misto nijak lakavy na vychazky max k lavecce kde si sednete ale spot je smerem od ni .. dal je tam opusteny veprin ale areal oploceny nezjistoval jsem jestli je tam dira :D','opusteny misto nijak lakavy na vychazky max k lavecce kde si sednete ale spot je smerem od ni .. dal je tam opusteny veprin ale areal oploceny nezjistoval jsem','','49.27713226984553;17.383887469768524;18','2017-11-08 20:25:22','2017-11-08 20:25:22'),(338,21,'Ostrava Privoz - Prednadrazi','Byvale obytne domy s pohnutou vice nez stoletou historii - https://cs.wikipedia.org/wiki/P%C5%99edn%C3%A1dra%C5%BE%C3%AD_(Ostrava)\n\nPrijezd a parkovani: Z ulice Na Naspu.\nNa co bacha: mezi domy jsou natazeny zbytky el. vedeni. Pred letanim si peclive zkontroluj a projdi prostor. Lokalita je opustena, ale oblibena mezi milovniky opustenych mist, takze pozor i na lidi. Derave domy bez stropu a strechy bez krytiny lakaji k pruletum, ale spise nedoporucuji. V pripade padu je zachrana stroje velmi riskantni.','','','49.85022874710635;18.25864166021347;18','2017-11-18 10:26:03','2017-11-18 10:26:03'),(339,21,'Paintball hriste Elite','POZOR!!! Soukromy pozemek, vstupuj, jen kdyz se nehraje, idealne predem informuj Paintball Elite. To, ze se nahraje, muze jit poznat z uzavrene bile zavory na zacatku prijezdove cesty. Auto nechej tam, dojdi pesky.','','','49.73931260876757;18.253349661827087;17','2017-11-18 10:51:45','2017-11-18 10:51:45'),(340,21,'Pakov Motokros','POZOR!!! Letej jen, kdyz se nejezdi! Na miste je obvykle stale hlidac. Zajdi za nim, pozdrav, slusne pozadej. Mas-li pro nej cigaretku, urcite to pomuze.','','','49.74345184247959;18.28570783138275;17','2017-11-18 10:58:00','2017-11-18 10:58:00'),(341,9,'Hřiště SOKOL Havířov','Hřiště střední velikosti. Sice v zastavěné oblasti, ale zatím bez problémů s domorodci.','Dobrý dojezd, areál je chráněň plotem','Občas někdo projde','49.795452954570194;18.416696190834045;19','2017-11-19 21:55:25','2017-11-19 21:55:25'),(342,22,'Krles','louky nad Krásným Lesem u Ústí nad Labem','příroda, velikost','občas vítr','50.74907633539665;13.967034816741943;17','2017-11-27 12:56:14','2017-11-27 12:56:50'),(343,23,'Skvělý plac na letní létání','','','v zimě se neudržuje','50.047094782920354;14.35189962387085;17','2017-11-30 16:09:28','2017-11-30 16:11:15'),(344,23,'Louka na testování. Letadla/kvadry','','Hodně místa','','50.04068967659045;14.347495436668396;18','2017-11-30 16:12:12','2017-11-30 16:12:12'),(345,23,'Malé stromky na kličkování','','udržovaný','občas psi','50.043642966665615;14.345312118530273;17','2017-11-30 16:13:33','2017-11-30 16:13:33'),(346,23,'Rujny','','','','50.0302178834635;14.331369996070862;18','2017-11-30 16:13:59','2017-11-30 16:13:59'),(347,23,'Super místo na natáčení','','skály','','50.04367632599045;14.35537576675415;18','2017-11-30 16:14:27','2017-11-30 16:14:27'),(348,24,'Scraggle city','Jakási jáma s malými stromečky a křovím. Ohraničená z jedné strany plotem a z druhé cestou a potokem\nVideo zde: https://www.youtube.com/watch?v=f2YLtAaaec4','Žádné velké stromy, spousta menších křoví a stromů','Občas peskaři, neviditelný větve, celkově menší spot','49.170611068968135;16.670049726963043;18','2017-12-05 17:02:07','2017-12-05 17:02:47'),(349,16,'Parkoviste Lídl','parkoviste byva ve vecernich hodinach relativne prazdne dobre osvetleni pres den asi ne (ztraci to pointu a prostor :)\nViz. :  https://www.youtube.com/watch?v=AYutYlNV9IU','dobre svetlo na noc','nekdy lidi radi parkujou daleko od vchodu ...','49.29242731076094;17.3908531665802;16','2017-12-23 10:02:54','2017-12-23 10:03:20'),(350,22,'Hromadný hrob','','klid','občas vítr, mírně zarušené směrem k hlavnímu tahu, na druhou stranu bezproblémů','50.68459719740679;13.912961483001709;17','2017-12-23 17:28:56','2017-12-23 17:28:56'),(351,1,'Vedle Crossové tratě','Topové místečko na zalítání freestylu.\nVideo: https://www.youtube.com/watch?v=cEuMcnpjOtU','','Sem tam nějácí lidi','49.88629844867104;16.842326670885086;19','2018-01-22 09:15:05','2018-01-22 09:15:05');

/*Table structure for table `places_photos` */

DROP TABLE IF EXISTS `places_photos`;

CREATE TABLE `places_photos` (
  `place_entity_id` int(50) NOT NULL,
  `photo_entity_id` int(50) NOT NULL,
  PRIMARY KEY (`place_entity_id`,`photo_entity_id`)
) ENGINE=InnoDB DEFAULT CHARSET=utf8 COLLATE=utf8_czech_ci;

/*Data for the table `places_photos` */

insert  into `places_photos`(`place_entity_id`,`photo_entity_id`) values (3,19),(3,20),(3,21),(3,22),(11,29),(329,30),(331,31),(349,74);

/*Table structure for table `users` */

DROP TABLE IF EXISTS `users`;

CREATE TABLE `users` (
  `id` int(50) unsigned NOT NULL AUTO_INCREMENT,
  `username` varchar(255) COLLATE utf8_czech_ci NOT NULL,
  `password` varchar(255) COLLATE utf8_czech_ci NOT NULL,
  `token` varchar(255) COLLATE utf8_czech_ci DEFAULT NULL,
  `first_name` varchar(255) COLLATE utf8_czech_ci DEFAULT NULL,
  `last_name` varchar(255) COLLATE utf8_czech_ci DEFAULT NULL,
  `email` varchar(255) COLLATE utf8_czech_ci NOT NULL,
  `phone` varchar(200) COLLATE utf8_czech_ci DEFAULT NULL,
  `photo_id` int(50) DEFAULT NULL,
  `created_on` datetime NOT NULL,
  `changed_on` datetime NOT NULL,
  `visited_on` datetime NOT NULL,
  `public` smallint(1) unsigned NOT NULL DEFAULT '0',
  `page_facebook` varchar(255) COLLATE utf8_czech_ci DEFAULT NULL,
  `page_googleplus` varchar(255) COLLATE utf8_czech_ci DEFAULT NULL,
  `page_website` varchar(255) COLLATE utf8_czech_ci DEFAULT NULL,
  `page_content` text COLLATE utf8_czech_ci,
  `enabled` tinyint(1) NOT NULL DEFAULT '1',
  `role` varchar(150) COLLATE utf8_czech_ci DEFAULT NULL,
  PRIMARY KEY (`id`),
  UNIQUE KEY `username` (`username`)
) ENGINE=InnoDB AUTO_INCREMENT=31 DEFAULT CHARSET=utf8 COLLATE=utf8_czech_ci;

/*Data for the table `users` */

insert  into `users`(`id`,`username`,`password`,`token`,`first_name`,`last_name`,`email`,`phone`,`photo_id`,`created_on`,`changed_on`,`visited_on`,`public`,`page_facebook`,`page_googleplus`,`page_website`,`page_content`,`enabled`,`role`) values (1,'xnukes','$2y$10$o0abZkuoHO9pIcndDS.WfeJfbPph.EScNE0W2cbtu3Pj2LdznWwZu',NULL,'Lukáš','Vlček','xnukes@gmail.com','',41,'2017-05-30 22:07:50','2017-05-30 22:07:50','2018-01-22 11:01:22',1,'https://www.facebook.com/xnukes','','http://www.fpvspots.info','<blockquote class=\"blockquote mt-4 text-center\">\n  <p class=\"mb-0\">„Žádný člověk není takový hlupák, aby nedosáhl úspěchu aspoň v jedné věci, je-li vytrvalý.“</p>\n  <footer class=\"blockquote-footer\">Leonardo Da Vinci</footer>\n</blockquote>\n',1,'admin'),(2,'ictus','$2y$10$CLSFWXnzf0aEGw5tOnhomeKW5ZltJpfqEV2QDoMgfA2Ei3BQ9A8kC',NULL,'Miroslav','Šafář','ictus@seznam.cz','',59,'2017-10-01 21:00:08','2017-10-01 21:00:08','2017-11-30 10:04:59',1,'https://www.facebook.com/ictus.imen','','','',1,'user'),(3,'Tomáš Novák','$2y$10$JOFxko5BzkzH9PC5B3fRv.JrUSGDRrQG.806JJR1zGoiW0lkGiW7C',NULL,NULL,NULL,'Tomkanovik@seznam.cz',NULL,NULL,'2017-10-02 11:19:14','2017-10-02 11:19:14','2017-10-02 22:20:09',0,NULL,NULL,NULL,NULL,1,'user'),(4,'error414','$2y$10$kdCSeqFw7Z/Xf0GqnRymF./paigBkWFR2kpigmgcmSWuKY36QX2O6',NULL,'','','error414@error414.com','',NULL,'2017-10-05 09:25:17','2017-10-05 09:25:17','2017-11-18 08:29:17',1,NULL,NULL,NULL,NULL,1,'user'),(5,'macomadr','$2y$10$9w8yP4CT3JxI4Xr6Fd9kaeXR6iLlVyjpOAJXA8XOaGsoaghWBt/E.',NULL,NULL,NULL,'madr.martin@vlekradvanice.cz',NULL,NULL,'2017-10-31 22:08:29','2017-10-31 22:08:29','2017-10-31 22:11:51',0,NULL,NULL,NULL,NULL,1,'user'),(6,'svacinkaj','$2y$10$r1k.xfMLklnO3CmpWUFtrOuhxj1qyGfJ63pu12lCUGBS52Ujr15au',NULL,NULL,NULL,'svacinkaj@gmail.com',NULL,NULL,'2017-10-31 22:57:16','2017-10-31 22:57:16','2017-11-01 22:06:39',0,NULL,NULL,NULL,NULL,1,'user'),(7,'funfly','$2y$10$r5pr4BAE86V8flIvSIWNserYfDPq./mpPzByUnJgceeQSjOEIdffO',NULL,NULL,NULL,'slukateam@gmail.com',NULL,NULL,'2017-10-31 23:32:39','2017-10-31 23:32:39','2017-11-17 16:14:26',0,NULL,NULL,NULL,NULL,1,'user'),(8,'mm137','$2y$10$pQGjN3srWGe0TjmGV4DeA.gCOwBDTr1OA0/GmtWHyaq374g.zENfK',NULL,NULL,NULL,'michalmarek137@gmail.com',NULL,NULL,'2017-11-01 03:49:54','2017-11-01 03:49:54','2017-11-17 16:28:59',0,NULL,NULL,NULL,NULL,1,'user'),(9,'ciko7','$2y$10$ocxiPGEjyTBBcvGFuvQwaOJmLxAgdD2Y7xy4A5Za45YvyGKukWLmy',NULL,'','','ciko7@centrum.cz','',49,'2017-11-01 17:32:20','2017-11-01 17:32:20','2017-12-05 18:27:29',1,NULL,NULL,NULL,NULL,1,'user'),(10,'bane-cze','$2y$10$iwUSxcVCjHupLC/6Z3hiYOtpkNl3Bxm.g7F1lCSR4ZNEfZCWDxL8O',NULL,NULL,NULL,'bane@email.cz',NULL,NULL,'2017-11-02 10:51:56','2017-11-02 10:51:56','2017-11-02 11:55:58',0,NULL,NULL,NULL,NULL,1,'user'),(11,'xeth','$2y$10$8cMN6pFDS5jdGrGbWYrrBe./RbMSuaITi2.J0bM2hffQ1jQSR6Amu',NULL,NULL,NULL,'marekmasek@gmail.com',NULL,NULL,'2017-11-03 09:29:29','2017-11-03 09:29:29','2017-11-03 09:35:41',0,NULL,NULL,NULL,NULL,1,'user'),(12,'montykh','$2y$10$.XXDLLaGnSx.vuzbuFvLKelIXciyExCFbw4psTu8gEWZBnZaLKYgK',NULL,'Aleš','Kerner','ales@kerner.cz','',43,'2017-11-05 00:02:35','2017-11-05 00:02:35','2017-11-07 23:01:06',0,NULL,NULL,NULL,NULL,1,'user'),(13,'david-fiedler','$2y$10$879PmuGMc7ZNxJbNfVhSx.rWZLN1HElwMmZxKDqU9.4aY8MDFRT/q',NULL,NULL,NULL,'dawyfiedler@email.cz',NULL,NULL,'2017-11-05 07:55:28','2017-11-05 07:55:28','2017-11-05 07:55:28',0,NULL,NULL,NULL,NULL,1,'user'),(14,'dawy','$2y$10$o.PGE.OEFk4bSWXR8yke0eEQzGM8VKYzbubh0TeR3/cvxjTLMMzEG',NULL,NULL,NULL,'dawyfiedler@email.cz',NULL,NULL,'2017-11-05 07:57:15','2017-11-05 07:57:15','2017-11-05 07:58:59',0,NULL,NULL,NULL,NULL,1,'user'),(15,'nezmar','$2y$10$KWCYA4wZ20K80.GaawJske4jy8hhhnt2nlJCWQaN9wuTyPeVPAR6O',NULL,NULL,NULL,'nezmarek@atlas.cz',NULL,NULL,'2017-11-05 11:47:29','2017-11-05 11:47:29','2017-11-08 00:11:09',0,NULL,NULL,NULL,NULL,1,'user'),(16,'dezupe','$2y$10$5lc9A3s0iXlkAmoqK.l63uhm7QA1orpEjSRQvK.vajoHypDtMV7lu',NULL,NULL,NULL,'ondupka@gmail.com',NULL,NULL,'2017-11-08 20:15:56','2017-11-08 20:15:56','2017-12-23 10:47:04',0,NULL,NULL,NULL,NULL,1,'user'),(18,'manjak','$2y$10$cgKArNnP5kniXtlkEb101eEICGT.7E0ER4VuC86klpyCjuhuroVNi',NULL,NULL,NULL,'manjakdron@seznam.cz',NULL,NULL,'2017-11-09 07:39:45','2017-11-09 07:39:45','2017-11-10 20:44:33',0,NULL,NULL,NULL,NULL,1,'user'),(19,'david','$2y$10$NIYK3VMUA7t1cKnfclq3e.yTxqQblNOgdci0TQsFC478MBEl3vnLS',NULL,'','','dav.strnad@gmail.com','',45,'2017-11-09 23:55:31','2017-11-09 23:55:31','2017-11-30 09:52:30',0,NULL,NULL,NULL,NULL,1,'user'),(20,'h4s','$2y$10$uB6jHdxVWymRsAt6QbS1zekyAnvl1kNTBXw/E/y5HDyR4RNGUl20K',NULL,NULL,NULL,'cayman.cz@gmail.com',NULL,NULL,'2017-11-13 13:25:39','2017-11-13 13:25:39','2017-11-13 16:11:08',0,NULL,NULL,NULL,NULL,1,'user'),(21,'ondrascz','$2y$10$rnVEd4bGYmb6zLhHdZb7M.ifPSWohw2Ln8cP0LTGMJnDGp5trptze',NULL,NULL,NULL,'ondrascz@gmail.com',NULL,NULL,'2017-11-18 10:17:25','2017-11-18 10:17:25','2017-11-18 11:06:08',0,NULL,NULL,NULL,NULL,1,'user'),(22,'darkastro','$2y$10$7ApfA.Z0HrDE7Xtvt2JQAOm3kLTRdubSr5Jae8HEN6SadLlEV3sbe',NULL,NULL,NULL,'formix@volny.cz',NULL,NULL,'2017-11-27 12:52:38','2017-11-27 12:52:38','2018-01-06 18:15:33',0,NULL,NULL,NULL,NULL,1,'user'),(23,'liptoor86','$2y$10$6i4xwBPuh1Z59229wgfy6elRqcz7G/xZODEy6EdVf2W2gdPNL.5Ti',NULL,NULL,NULL,'liptoor86@email.cz',NULL,NULL,'2017-11-30 09:57:05','2017-11-30 09:57:05','2017-12-11 08:01:12',0,NULL,NULL,NULL,NULL,1,'user'),(24,'silor','$2y$10$dIplf7orPPJN0ExyJBHDxO1qPII28dVkppPCarm.3f3DdLpsTXov.',NULL,NULL,NULL,'silweror@gmail.com',NULL,NULL,'2017-12-05 16:52:21','2017-12-05 16:52:21','2017-12-28 18:12:07',0,NULL,NULL,NULL,NULL,1,'user'),(25,'gophy','$2y$10$zg/Caa.9mEzPyc.2KacGgu3GGSlRmqfAxW3PSabIxRfdEiWWoUna6',NULL,'','','tendencebyt@seznam.cz','',71,'2017-12-05 17:24:32','2017-12-05 17:24:32','2017-12-14 19:47:49',0,NULL,NULL,NULL,NULL,1,'user'),(26,'petrp','$2y$10$upHY8O63InW5Sb.38ZUJiOKzEU9en69Vnww4yAz/LifrTsgOIASpe',NULL,'','','petr.pechovic@gmail.com','',NULL,'2017-12-08 23:13:12','2017-12-08 23:13:12','2017-12-08 23:22:40',0,'','','https://www.youtube.com/channel/UCYp38rhIyg0_4MS3wQ5521w','',1,'user'),(27,'mkolar','$2y$10$SEl01M2cz5ngT3dNSQCQ3eMH6ufhZ78SrFhVWSU3DGCaLFz6wFJuG',NULL,NULL,NULL,'martin.collar@gmail.com',NULL,NULL,'2018-01-11 22:55:49','2018-01-11 22:55:49','2018-01-11 23:15:32',0,NULL,NULL,NULL,NULL,1,'user'),(28,'womec','$2y$10$y5vHuVK141mqESBlLLUltOL/Z6ABgV0W73qp3fKebSqFZbFajL9Qy',NULL,NULL,NULL,'vomacka.j@gmail.com',NULL,NULL,'2018-01-21 18:58:53','2018-01-21 18:58:53','2018-01-21 19:43:17',0,NULL,NULL,NULL,NULL,1,'user'),(29,'adiss','$2y$10$T5jQWjK3Fez3d6gXN962g.LxozHZ.jlyKh26xWnvn1yTZnQbzRbD6',NULL,NULL,NULL,'Adiss@seznam.cz',NULL,NULL,'2018-01-22 11:04:36','2018-01-22 11:04:36','2018-01-22 11:04:36',0,NULL,NULL,NULL,NULL,1,'user'),(30,'pilniq','$2y$10$RnjFrdOp5.rUWYn4kt8Xz.32IqCYE34EnZ1FPHhRGUiBduC5Z0uWC',NULL,NULL,NULL,'m.pilar@post.cz',NULL,NULL,'2018-01-22 11:17:19','2018-01-22 11:17:19','2018-01-22 11:18:28',0,NULL,NULL,NULL,NULL,1,'user');

/*Table structure for table `wall_messages` */

DROP TABLE IF EXISTS `wall_messages`;

CREATE TABLE `wall_messages` (
  `id` int(50) unsigned NOT NULL AUTO_INCREMENT,
  `user_id` int(50) NOT NULL,
  `parent_id` int(50) DEFAULT NULL,
  `message` text COLLATE utf8_czech_ci NOT NULL,
  `created_on` datetime NOT NULL,
  `changed_on` datetime NOT NULL,
  PRIMARY KEY (`id`)
) ENGINE=MyISAM AUTO_INCREMENT=13 DEFAULT CHARSET=utf8 COLLATE=utf8_czech_ci;

/*Data for the table `wall_messages` */

insert  into `wall_messages`(`id`,`user_id`,`parent_id`,`message`,`created_on`,`changed_on`) values (1,1,NULL,'Ahojte, toto je veřejná zeď kde můžete komunikovat mezi sebou.','2017-10-02 20:24:55','2017-10-02 20:24:55'),(8,1,NULL,'ciko7: jestli myslíš detail spotu po kliku v mapě, tak to budu dodělávat. Fotky které jsou u spotu (nahrané přes administraci) nejsou zatím zobrazeny. Pokud se tam zobrazí nějáká fotka, tak to je tím že je html kod obrázku v textu, kde tento text jsem vyparsoval z ostatních map a přenesl ke mě :)','2017-11-15 08:39:00','2017-11-15 08:39:00'),(7,9,NULL,'Dotaz. funguje vám zobrazení fotky u spotů ? Když kliknu na místo, kam se chci kouknou, nejde mi možnot zobrazit foto místa. Je to normální , nebo mi něco nefunguje ?\n','2017-11-14 21:45:45','2017-11-14 21:45:45'),(9,9,NULL,'Jo, přesně to jsem myslel. kliknu na bod spotu , zobrazí se popis a pak už nejde nic. \n','2017-11-15 12:57:56','2017-11-15 12:57:56'),(10,1,NULL,'neboj, v příštím updatu už udělám detail spotu. Mám ještě v plánu udělat vytváření teamu a jejich správu a dalších X věcí v TODO :))','2017-11-16 20:01:09','2017-11-16 20:01:09'),(11,26,NULL,'Ahoj, diky za web. Je moznost pridavat nove spoty, nebo videa ke spotum? Fotky ke spotum?\n\n','2017-12-08 23:21:25','2017-12-08 23:21:25'),(12,1,NULL,'petrp (petr.pechovic@gmail.com): Ahoj , ta možnost tady je :) vytvářet spoty, drony, upravovat profil můžete, nahrávat fotky taky, ale videa ty budu dělat. Asi to budou pouze albumy s odkazama na nahrany YT video.','2017-12-16 01:11:09','2017-12-16 01:11:09');

/*!40101 SET SQL_MODE=@OLD_SQL_MODE */;
/*!40014 SET FOREIGN_KEY_CHECKS=@OLD_FOREIGN_KEY_CHECKS */;
/*!40014 SET UNIQUE_CHECKS=@OLD_UNIQUE_CHECKS */;
/*!40111 SET SQL_NOTES=@OLD_SQL_NOTES */;
